Region,Year,Month,Benchmark Price (Composite),Benchmark Price (Two-Storey),Benchmark Price (Apartment)
Barrie,2005,Jan,209000.0,220600.0,166400.0
Barrie,2005,Feb,212100.0,223200.0,166900.0
Barrie,2005,Mar,214800.0,227000.0,167400.0
Barrie,2005,Apr,216300.0,228100.0,167900.0
Barrie,2005,May,218400.0,229400.0,168400.0
Barrie,2005,Jun,218200.0,229600.0,168900.0
Barrie,2005,Jul,220500.0,233800.0,167400.0
Barrie,2005,Aug,221300.0,232300.0,166000.0
Barrie,2005,Sep,223200.0,236300.0,164700.0
Barrie,2005,Oct,224000.0,234500.0,169400.0
Barrie,2005,Nov,224200.0,235200.0,174200.0
Barrie,2005,Dec,228600.0,236900.0,179000.0
Barrie,2006,Jan,227600.0,238500.0,178400.0
Barrie,2006,Feb,228600.0,240200.0,177900.0
Barrie,2006,Mar,229500.0,240200.0,177200.0
Barrie,2006,Apr,232200.0,244900.0,177200.0
Barrie,2006,May,233800.0,246800.0,177400.0
Barrie,2006,Jun,232200.0,243800.0,177400.0
Barrie,2006,Jul,232800.0,246000.0,178200.0
Barrie,2006,Aug,233400.0,245100.0,178900.0
Barrie,2006,Sep,234100.0,245700.0,179700.0
Barrie,2006,Oct,232400.0,245500.0,181500.0
Barrie,2006,Nov,232800.0,245100.0,183400.0
Barrie,2006,Dec,229200.0,239800.0,185300.0
Barrie,2007,Jan,233200.0,245300.0,184200.0
Barrie,2007,Feb,236800.0,247100.0,183200.0
Barrie,2007,Mar,237600.0,250600.0,182200.0
Barrie,2007,Apr,238900.0,252600.0,186500.0
Barrie,2007,May,240300.0,251500.0,190700.0
Barrie,2007,Jun,244300.0,253000.0,195200.0
Barrie,2007,Jul,243900.0,254300.0,192200.0
Barrie,2007,Aug,244700.0,254100.0,189200.0
Barrie,2007,Sep,246600.0,258500.0,186200.0
Barrie,2007,Oct,245100.0,258100.0,188000.0
Barrie,2007,Nov,248300.0,258100.0,189800.0
Barrie,2007,Dec,247800.0,258100.0,191800.0
Barrie,2008,Jan,248300.0,260100.0,194000.0
Barrie,2008,Feb,251800.0,262700.0,196200.0
Barrie,2008,Mar,251800.0,263800.0,198300.0
Barrie,2008,Apr,253500.0,265600.0,199500.0
Barrie,2008,May,255200.0,265200.0,200700.0
Barrie,2008,Jun,255800.0,267800.0,201700.0
Barrie,2008,Jul,254100.0,267600.0,201200.0
Barrie,2008,Aug,253700.0,264500.0,200500.0
Barrie,2008,Sep,253700.0,265400.0,199800.0
Barrie,2008,Oct,249300.0,261800.0,197000.0
Barrie,2008,Nov,245300.0,255200.0,194300.0
Barrie,2008,Dec,240500.0,255000.0,191500.0
Barrie,2009,Jan,242800.0,253000.0,192700.0
Barrie,2009,Feb,242800.0,255700.0,193800.0
Barrie,2009,Mar,242200.0,256500.0,195000.0
Barrie,2009,Apr,244900.0,257900.0,195300.0
Barrie,2009,May,249500.0,262500.0,195700.0
Barrie,2009,Jun,251600.0,262900.0,196200.0
Barrie,2009,Jul,251200.0,262100.0,195000.0
Barrie,2009,Aug,250400.0,262100.0,193800.0
Barrie,2009,Sep,252900.0,262500.0,192800.0
Barrie,2009,Oct,255200.0,264700.0,193800.0
Barrie,2009,Nov,253100.0,265800.0,195000.0
Barrie,2009,Dec,252700.0,261200.0,196000.0
Barrie,2010,Jan,254500.0,267600.0,188700.0
Barrie,2010,Feb,257200.0,270000.0,191700.0
Barrie,2010,Mar,261400.0,274200.0,197500.0
Barrie,2010,Apr,263100.0,275300.0,202200.0
Barrie,2010,May,265400.0,278600.0,207000.0
Barrie,2010,Jun,263100.0,274900.0,201300.0
Barrie,2010,Jul,262100.0,272200.0,197500.0
Barrie,2010,Aug,259800.0,271800.0,198000.0
Barrie,2010,Sep,257500.0,271500.0,203200.0
Barrie,2010,Oct,256000.0,266500.0,200200.0
Barrie,2010,Nov,256800.0,268500.0,199300.0
Barrie,2010,Dec,254100.0,263800.0,195700.0
Barrie,2011,Jan,259100.0,270000.0,198800.0
Barrie,2011,Feb,261200.0,274900.0,198200.0
Barrie,2011,Mar,264400.0,278800.0,205600.0
Barrie,2011,Apr,268500.0,280600.0,208800.0
Barrie,2011,May,269400.0,281000.0,208800.0
Barrie,2011,Jun,270400.0,281500.0,206100.0
Barrie,2011,Jul,267300.0,278400.0,206600.0
Barrie,2011,Aug,269400.0,280200.0,200500.0
Barrie,2011,Sep,269000.0,279900.0,197200.0
Barrie,2011,Oct,269200.0,281900.0,197800.0
Barrie,2011,Nov,269600.0,281500.0,199200.0
Barrie,2011,Dec,268700.0,282100.0,201000.0
Barrie,2012,Jan,271700.0,281700.0,200000.0
Barrie,2012,Feb,271200.0,285900.0,194200.0
Barrie,2012,Mar,275200.0,289400.0,198500.0
Barrie,2012,Apr,280200.0,294100.0,195200.0
Barrie,2012,May,281900.0,292900.0,199300.0
Barrie,2012,Jun,283400.0,296500.0,202700.0
Barrie,2012,Jul,282300.0,296900.0,204100.0
Barrie,2012,Aug,286100.0,296300.0,208500.0
Barrie,2012,Sep,285900.0,298700.0,206300.0
Barrie,2012,Oct,281500.0,299600.0,206300.0
Barrie,2012,Nov,284000.0,299600.0,204500.0
Barrie,2012,Dec,285700.0,302900.0,201200.0
Barrie,2013,Jan,281700.0,299100.0,200800.0
Barrie,2013,Feb,285000.0,298700.0,202000.0
Barrie,2013,Mar,289800.0,302400.0,211800.0
Barrie,2013,Apr,291700.0,306600.0,208600.0
Barrie,2013,May,296100.0,308800.0,212800.0
Barrie,2013,Jun,297200.0,310400.0,212600.0
Barrie,2013,Jul,296700.0,312600.0,213000.0
Barrie,2013,Aug,298400.0,314800.0,214000.0
Barrie,2013,Sep,304900.0,317400.0,209800.0
Barrie,2013,Oct,300500.0,314300.0,208800.0
Barrie,2013,Nov,302400.0,313900.0,208300.0
Barrie,2013,Dec,293800.0,310200.0,203300.0
Barrie,2014,Jan,297200.0,312100.0,197200.0
Barrie,2014,Feb,306100.0,321000.0,205100.0
Barrie,2014,Mar,309300.0,322300.0,209000.0
Barrie,2014,Apr,312000.0,329100.0,212300.0
Barrie,2014,May,317400.0,334900.0,221100.0
Barrie,2014,Jun,317400.0,333300.0,216600.0
Barrie,2014,Jul,319700.0,336000.0,215000.0
Barrie,2014,Aug,317000.0,337500.0,212000.0
Barrie,2014,Sep,317600.0,334000.0,214800.0
Barrie,2014,Oct,316200.0,336000.0,218300.0
Barrie,2014,Nov,320100.0,337300.0,220800.0
Barrie,2014,Dec,318300.0,338400.0,224100.0
Barrie,2015,Jan,322000.0,339900.0,226100.0
Barrie,2015,Feb,323900.0,342400.0,224900.0
Barrie,2015,Mar,331000.0,350500.0,222600.0
Barrie,2015,Apr,336000.0,354700.0,223100.0
Barrie,2015,May,339400.0,360900.0,228400.0
Barrie,2015,Jun,344400.0,365500.0,228800.0
Barrie,2015,Jul,348400.0,367300.0,233400.0
Barrie,2015,Aug,345000.0,369700.0,233800.0
Barrie,2015,Sep,354000.0,373200.0,243900.0
Barrie,2015,Oct,354000.0,376800.0,243100.0
Barrie,2015,Nov,356500.0,377400.0,239400.0
Barrie,2015,Dec,359200.0,383600.0,236900.0
Barrie,2016,Jan,361100.0,386300.0,236400.0
Barrie,2016,Feb,375500.0,401300.0,241600.0
Barrie,2016,Mar,383300.0,408800.0,243200.0
Barrie,2016,Apr,392000.0,419300.0,246700.0
Barrie,2016,May,402300.0,427500.0,254600.0
Barrie,2016,Jun,410200.0,437400.0,253400.0
Barrie,2016,Jul,416100.0,443200.0,263900.0
Barrie,2016,Aug,423200.0,448700.0,275700.0
Barrie,2016,Sep,428800.0,454900.0,280700.0
Barrie,2016,Oct,434700.0,466300.0,286500.0
Barrie,2016,Nov,439900.0,472300.0,287500.0
Barrie,2016,Dec,448700.0,482000.0,289800.0
Barrie,2017,Jan,461000.0,493900.0,290700.0
Barrie,2017,Feb,488000.0,521700.0,293300.0
Barrie,2017,Mar,517600.0,550400.0,305600.0
Barrie,2017,Apr,530600.0,563600.0,322800.0
Barrie,2017,May,523900.0,558500.0,336300.0
Barrie,2017,Jun,511400.0,552100.0,333400.0
Barrie,2017,Jul,493000.0,530100.0,330900.0
Barrie,2017,Aug,481700.0,521000.0,322900.0
Barrie,2017,Sep,488000.0,516000.0,322300.0
Barrie,2017,Oct,478100.0,514900.0,320600.0
Barrie,2017,Nov,475800.0,516800.0,315000.0
Barrie,2017,Dec,471400.0,506000.0,319800.0
Barrie,2018,Jan,476900.0,507400.0,315800.0
Barrie,2018,Feb,479200.0,512400.0,315500.0
Barrie,2018,Mar,489800.0,518000.0,319300.0
Barrie,2018,Apr,485400.0,522800.0,323400.0
Barrie,2018,May,489400.0,523500.0,323800.0
Barrie,2018,Jun,477500.0,513800.0,319600.0
Barrie,2018,Jul,476700.0,513300.0,332600.0
Barrie,2018,Aug,474000.0,504500.0,330600.0
Barrie,2018,Sep,475800.0,506300.0,333400.0
Barrie,2018,Oct,478800.0,511800.0,334800.0
Barrie,2018,Nov,469600.0,504900.0,344200.0
Barrie,2018,Dec,470200.0,506300.0,347600.0
Barrie,2019,Jan,468500.0,501600.0,338800.0
Barrie,2019,Feb,462700.0,488600.0,339400.0
Barrie,2019,Mar,463900.0,484000.0,335600.0
Barrie,2019,Apr,443200.0,457700.0,342200.0
Barrie,2019,May,461200.0,477800.0,342100.0
Barrie,2019,Jun,465800.0,496100.0,342700.0
Barrie,2019,Jul,469600.0,491700.0,339900.0
Barrie,2019,Aug,477500.0,502700.0,345900.0
Barrie,2019,Sep,471900.0,493200.0,345900.0
Barrie,2019,Oct,477300.0,505800.0,339600.0
Barrie,2019,Nov,475400.0,504300.0,340700.0
Barrie,2019,Dec,485200.0,518200.0,345900.0
Barrie,2020,Jan,487100.0,516600.0,355100.0
Barrie,2020,Feb,498000.0,525700.0,365500.0
Barrie,2020,Mar,510900.0,542400.0,375000.0
Barrie,2020,Apr,513200.0,544600.0,365200.0
Barrie,2020,May,516400.0,551700.0,359700.0
Greater Toronto,2005,Jan,303500.0,358300.0,200400.0
Greater Toronto,2005,Feb,306200.0,362300.0,200400.0
Greater Toronto,2005,Mar,309200.0,366900.0,201800.0
Greater Toronto,2005,Apr,311700.0,370500.0,202600.0
Greater Toronto,2005,May,314100.0,372300.0,204400.0
Greater Toronto,2005,Jun,315300.0,374400.0,205000.0
Greater Toronto,2005,Jul,315900.0,374800.0,205800.0
Greater Toronto,2005,Aug,316800.0,375200.0,206400.0
Greater Toronto,2005,Sep,318000.0,376200.0,207700.0
Greater Toronto,2005,Oct,318900.0,377700.0,207700.0
Greater Toronto,2005,Nov,319200.0,379100.0,207300.0
Greater Toronto,2005,Dec,319500.0,378000.0,209300.0
Greater Toronto,2006,Jan,321100.0,381200.0,209700.0
Greater Toronto,2006,Feb,323800.0,384500.0,211300.0
Greater Toronto,2006,Mar,327100.0,388400.0,211900.0
Greater Toronto,2006,Apr,329900.0,392400.0,213900.0
Greater Toronto,2006,May,332000.0,394500.0,214100.0
Greater Toronto,2006,Jun,332000.0,393800.0,214700.0
Greater Toronto,2006,Jul,331700.0,393100.0,215100.0
Greater Toronto,2006,Aug,331100.0,392400.0,214700.0
Greater Toronto,2006,Sep,332000.0,393100.0,216700.0
Greater Toronto,2006,Oct,332000.0,393400.0,216300.0
Greater Toronto,2006,Nov,332000.0,392000.0,217300.0
Greater Toronto,2006,Dec,330800.0,391600.0,214700.0
Greater Toronto,2007,Jan,332000.0,393400.0,216100.0
Greater Toronto,2007,Feb,336500.0,399500.0,217900.0
Greater Toronto,2007,Mar,340200.0,404200.0,220900.0
Greater Toronto,2007,Apr,343500.0,407800.0,223500.0
Greater Toronto,2007,May,347200.0,411700.0,225900.0
Greater Toronto,2007,Jun,350200.0,416000.0,226900.0
Greater Toronto,2007,Jul,351700.0,416700.0,229100.0
Greater Toronto,2007,Aug,352900.0,417800.0,230900.0
Greater Toronto,2007,Sep,354800.0,420300.0,231900.0
Greater Toronto,2007,Oct,356900.0,424200.0,232500.0
Greater Toronto,2007,Nov,358100.0,425000.0,233100.0
Greater Toronto,2007,Dec,358100.0,425300.0,233900.0
Greater Toronto,2008,Jan,359300.0,426800.0,235500.0
Greater Toronto,2008,Feb,362300.0,431400.0,238100.0
Greater Toronto,2008,Mar,364500.0,433200.0,240100.0
Greater Toronto,2008,Apr,366000.0,433900.0,242300.0
Greater Toronto,2008,May,366900.0,433600.0,243900.0
Greater Toronto,2008,Jun,366000.0,432100.0,243500.0
Greater Toronto,2008,Jul,364500.0,427800.0,245100.0
Greater Toronto,2008,Aug,363200.0,425000.0,246100.0
Greater Toronto,2008,Sep,361400.0,422500.0,245100.0
Greater Toronto,2008,Oct,359000.0,419900.0,243300.0
Greater Toronto,2008,Nov,355400.0,415600.0,240100.0
Greater Toronto,2008,Dec,350500.0,410300.0,238900.0
Greater Toronto,2009,Jan,345300.0,404200.0,233300.0
Greater Toronto,2009,Feb,343200.0,403100.0,230900.0
Greater Toronto,2009,Mar,344700.0,404200.0,232900.0
Greater Toronto,2009,Apr,348400.0,408800.0,235300.0
Greater Toronto,2009,May,353200.0,415600.0,237900.0
Greater Toronto,2009,Jun,358400.0,422500.0,241100.0
Greater Toronto,2009,Jul,363900.0,428200.0,246100.0
Greater Toronto,2009,Aug,368700.0,434300.0,249900.0
Greater Toronto,2009,Sep,374200.0,441100.0,254200.0
Greater Toronto,2009,Oct,379300.0,446800.0,257600.0
Greater Toronto,2009,Nov,383600.0,452200.0,261600.0
Greater Toronto,2009,Dec,386000.0,452600.0,265200.0
Greater Toronto,2010,Jan,390600.0,460400.0,267400.0
Greater Toronto,2010,Feb,396000.0,468000.0,270400.0
Greater Toronto,2010,Mar,400900.0,473700.0,272400.0
Greater Toronto,2010,Apr,403600.0,476600.0,274000.0
Greater Toronto,2010,May,403900.0,476200.0,274200.0
Greater Toronto,2010,Jun,401800.0,473000.0,272200.0
Greater Toronto,2010,Jul,398800.0,469800.0,269000.0
Greater Toronto,2010,Aug,397500.0,469000.0,267600.0
Greater Toronto,2010,Sep,398100.0,470100.0,269000.0
Greater Toronto,2010,Oct,398800.0,470500.0,270200.0
Greater Toronto,2010,Nov,400300.0,473000.0,269800.0
Greater Toronto,2010,Dec,401800.0,475500.0,271800.0
Greater Toronto,2011,Jan,405100.0,480100.0,273600.0
Greater Toronto,2011,Feb,411500.0,487000.0,278000.0
Greater Toronto,2011,Mar,416100.0,494100.0,279000.0
Greater Toronto,2011,Apr,420600.0,499500.0,281600.0
Greater Toronto,2011,May,424500.0,504500.0,284000.0
Greater Toronto,2011,Jun,425800.0,505600.0,285800.0
Greater Toronto,2011,Jul,427900.0,508100.0,287000.0
Greater Toronto,2011,Aug,430000.0,510200.0,288800.0
Greater Toronto,2011,Sep,431200.0,511700.0,289200.0
Greater Toronto,2011,Oct,433300.0,513800.0,291600.0
Greater Toronto,2011,Nov,434300.0,514900.0,290600.0
Greater Toronto,2011,Dec,435800.0,518500.0,289800.0
Greater Toronto,2012,Jan,436700.0,520300.0,288800.0
Greater Toronto,2012,Feb,442500.0,529200.0,290000.0
Greater Toronto,2012,Mar,449400.0,538200.0,292800.0
Greater Toronto,2012,Apr,454900.0,545000.0,293800.0
Greater Toronto,2012,May,458800.0,549700.0,297200.0
Greater Toronto,2012,Jun,459800.0,549700.0,297000.0
Greater Toronto,2012,Jul,458200.0,548200.0,295000.0
Greater Toronto,2012,Aug,457600.0,546100.0,295400.0
Greater Toronto,2012,Sep,457300.0,547900.0,295000.0
Greater Toronto,2012,Oct,456700.0,546800.0,295400.0
Greater Toronto,2012,Nov,455800.0,546400.0,293200.0
Greater Toronto,2012,Dec,454600.0,544600.0,292200.0
Greater Toronto,2013,Jan,454000.0,543900.0,291000.0
Greater Toronto,2013,Feb,457300.0,547900.0,292200.0
Greater Toronto,2013,Mar,463700.0,555700.0,295600.0
Greater Toronto,2013,Apr,468900.0,563300.0,298400.0
Greater Toronto,2013,May,472800.0,567200.0,300700.0
Greater Toronto,2013,Jun,474600.0,570800.0,299500.0
Greater Toronto,2013,Jul,475200.0,570800.0,300700.0
Greater Toronto,2013,Aug,475800.0,571900.0,302100.0
Greater Toronto,2013,Sep,477000.0,571500.0,300900.0
Greater Toronto,2013,Oct,478600.0,573300.0,302500.0
Greater Toronto,2013,Nov,481900.0,576500.0,303500.0
Greater Toronto,2013,Dec,482500.0,579400.0,303700.0
Greater Toronto,2014,Jan,485800.0,584100.0,304700.0
Greater Toronto,2014,Feb,491000.0,591900.0,304700.0
Greater Toronto,2014,Mar,497100.0,600200.0,307700.0
Greater Toronto,2014,Apr,502200.0,606300.0,310500.0
Greater Toronto,2014,May,506800.0,612400.0,311900.0
Greater Toronto,2014,Jun,511600.0,617700.0,315300.0
Greater Toronto,2014,Jul,512900.0,619200.0,315100.0
Greater Toronto,2014,Aug,512300.0,618500.0,315500.0
Greater Toronto,2014,Sep,513500.0,619900.0,314900.0
Greater Toronto,2014,Oct,516800.0,625600.0,316900.0
Greater Toronto,2014,Nov,518600.0,627800.0,317500.0
Greater Toronto,2014,Dec,520100.0,630600.0,318100.0
Greater Toronto,2015,Jan,522000.0,632100.0,318300.0
Greater Toronto,2015,Feb,529200.0,643500.0,319500.0
Greater Toronto,2015,Mar,537100.0,653600.0,321700.0
Greater Toronto,2015,Apr,545600.0,665000.0,325900.0
Greater Toronto,2015,May,552300.0,674700.0,328900.0
Greater Toronto,2015,Jun,557800.0,683300.0,329700.0
Greater Toronto,2015,Jul,561100.0,687600.0,330700.0
Greater Toronto,2015,Aug,563500.0,690500.0,333100.0
Greater Toronto,2015,Sep,566900.0,693700.0,334500.0
Greater Toronto,2015,Oct,568700.0,697300.0,334100.0
Greater Toronto,2015,Nov,571400.0,700900.0,334700.0
Greater Toronto,2015,Dec,573200.0,702700.0,334700.0
Greater Toronto,2016,Jan,575700.0,709100.0,332500.0
Greater Toronto,2016,Feb,586300.0,722700.0,338500.0
Greater Toronto,2016,Mar,599300.0,739900.0,344300.0
Greater Toronto,2016,Apr,614200.0,761100.0,349600.0
Greater Toronto,2016,May,634200.0,789700.0,354000.0
Greater Toronto,2016,Jun,645500.0,804100.0,357000.0
Greater Toronto,2016,Jul,653100.0,814400.0,361600.0
Greater Toronto,2016,Aug,660000.0,823400.0,365200.0
Greater Toronto,2016,Sep,667900.0,832700.0,370200.0
Greater Toronto,2016,Oct,680100.0,848100.0,377200.0
Greater Toronto,2016,Nov,685800.0,853900.0,382000.0
Greater Toronto,2016,Dec,692800.0,861400.0,385000.0
Greater Toronto,2017,Jan,706200.0,877200.0,392500.0
Greater Toronto,2017,Feb,729200.0,906200.0,403700.0
Greater Toronto,2017,Mar,773200.0,960600.0,428500.0
Greater Toronto,2017,Apr,807500.0,1002200.0,450000.0
Greater Toronto,2017,May,815400.0,1007900.0,463200.0
Greater Toronto,2017,Jun,808700.0,995400.0,467400.0
Greater Toronto,2017,Jul,772000.0,935900.0,464400.0
Greater Toronto,2017,Aug,754100.0,912300.0,460600.0
Greater Toronto,2017,Sep,750800.0,905500.0,461800.0
Greater Toronto,2017,Oct,746500.0,901200.0,464400.0
Greater Toronto,2017,Nov,743800.0,897200.0,465000.0
Greater Toronto,2017,Dec,742300.0,891100.0,469000.0
Greater Toronto,2018,Jan,741100.0,886800.0,469600.0
Greater Toronto,2018,Feb,749900.0,896900.0,479800.0
Greater Toronto,2018,Mar,759600.0,905500.0,488300.0
Greater Toronto,2018,Apr,764700.0,909000.0,495500.0
Greater Toronto,2018,May,770800.0,915500.0,499900.0
Greater Toronto,2018,Jun,770200.0,915500.0,501500.0
Greater Toronto,2018,Jul,767500.0,911900.0,502500.0
Greater Toronto,2018,Aug,765000.0,903700.0,505300.0
Greater Toronto,2018,Sep,765600.0,903700.0,506500.0
Greater Toronto,2018,Oct,766600.0,902200.0,508500.0
Greater Toronto,2018,Nov,764400.0,901500.0,508300.0
Greater Toronto,2018,Dec,765300.0,899400.0,512300.0
Greater Toronto,2019,Jan,763500.0,897200.0,511100.0
Greater Toronto,2019,Feb,769000.0,900400.0,518900.0
Greater Toronto,2019,Mar,779300.0,913300.0,524300.0
Greater Toronto,2019,Apr,789000.0,926200.0,530200.0
Greater Toronto,2019,May,795100.0,928400.0,536000.0
Greater Toronto,2019,Jun,798400.0,930900.0,539600.0
Greater Toronto,2019,Jul,800200.0,930500.0,542800.0
Greater Toronto,2019,Aug,801500.0,930200.0,544400.0
Greater Toronto,2019,Sep,804500.0,933800.0,546400.0
Greater Toronto,2019,Oct,810300.0,940200.0,551200.0
Greater Toronto,2019,Nov,816000.0,945600.0,556800.0
Greater Toronto,2019,Dec,818400.0,946700.0,561200.0
Greater Toronto,2020,Jan,828200.0,958900.0,565800.0
Greater Toronto,2020,Feb,843900.0,974600.0,579700.0
Greater Toronto,2020,Mar,864300.0,997500.0,595100.0
Greater Toronto,2020,Apr,869700.0,1000400.0,601900.0
Greater Toronto,2020,May,870000.0,1001100.0,601300.0
Guelph,2005,Jan,248600.0,260300.0,161100.0
Guelph,2005,Feb,249800.0,261300.0,161900.0
Guelph,2005,Mar,250800.0,262300.0,162800.0
Guelph,2005,Apr,252300.0,263600.0,163600.0
Guelph,2005,May,253500.0,264700.0,164400.0
Guelph,2005,Jun,254500.0,265700.0,165200.0
Guelph,2005,Jul,254800.0,267300.0,167100.0
Guelph,2005,Aug,255000.0,268600.0,168900.0
Guelph,2005,Sep,255000.0,269600.0,170800.0
Guelph,2005,Oct,255000.0,269900.0,167600.0
Guelph,2005,Nov,255000.0,270100.0,164400.0
Guelph,2005,Dec,254800.0,270100.0,161300.0
Guelph,2006,Jan,256300.0,271400.0,165000.0
Guelph,2006,Feb,257800.0,272700.0,168600.0
Guelph,2006,Mar,259300.0,273800.0,172300.0
Guelph,2006,Apr,260500.0,274800.0,169000.0
Guelph,2006,May,261500.0,276100.0,165800.0
Guelph,2006,Jun,262700.0,277400.0,162600.0
Guelph,2006,Jul,262700.0,277400.0,164400.0
Guelph,2006,Aug,263000.0,277700.0,166100.0
Guelph,2006,Sep,263000.0,278000.0,167900.0
Guelph,2006,Oct,262700.0,278500.0,166600.0
Guelph,2006,Nov,262500.0,279300.0,165500.0
Guelph,2006,Dec,262200.0,280000.0,164200.0
Guelph,2007,Jan,263500.0,280000.0,163700.0
Guelph,2007,Feb,264700.0,280000.0,163200.0
Guelph,2007,Mar,266200.0,280300.0,162800.0
Guelph,2007,Apr,268700.0,284200.0,163600.0
Guelph,2007,May,271400.0,288100.0,164400.0
Guelph,2007,Jun,274200.0,292300.0,165000.0
Guelph,2007,Jul,274900.0,291700.0,167700.0
Guelph,2007,Aug,275900.0,291200.0,170300.0
Guelph,2007,Sep,276900.0,290700.0,173100.0
Guelph,2007,Oct,275900.0,291200.0,171600.0
Guelph,2007,Nov,274900.0,291500.0,170000.0
Guelph,2007,Dec,273900.0,291700.0,168400.0
Guelph,2008,Jan,276400.0,293600.0,167700.0
Guelph,2008,Feb,279100.0,295100.0,167100.0
Guelph,2008,Mar,281900.0,296700.0,166500.0
Guelph,2008,Apr,283600.0,299000.0,167400.0
Guelph,2008,May,285600.0,301400.0,168400.0
Guelph,2008,Jun,287600.0,303500.0,169400.0
Guelph,2008,Jul,286600.0,302700.0,171500.0
Guelph,2008,Aug,285300.0,301900.0,173500.0
Guelph,2008,Sep,284400.0,301400.0,175600.0
Guelph,2008,Oct,283100.0,298800.0,173900.0
Guelph,2008,Nov,281600.0,296400.0,172300.0
Guelph,2008,Dec,280100.0,294100.0,170500.0
Guelph,2009,Jan,279600.0,295100.0,170300.0
Guelph,2009,Feb,279400.0,296200.0,170200.0
Guelph,2009,Mar,278900.0,297200.0,170000.0
Guelph,2009,Apr,279900.0,298000.0,169700.0
Guelph,2009,May,280900.0,299000.0,169200.0
Guelph,2009,Jun,281900.0,299800.0,168900.0
Guelph,2009,Jul,283100.0,300600.0,170500.0
Guelph,2009,Aug,284400.0,301100.0,171900.0
Guelph,2009,Sep,285800.0,301900.0,173500.0
Guelph,2009,Oct,286600.0,303200.0,173400.0
Guelph,2009,Nov,287600.0,304500.0,173100.0
Guelph,2009,Dec,288300.0,306100.0,172700.0
Guelph,2010,Jan,290600.0,307400.0,172700.0
Guelph,2010,Feb,296800.0,311800.0,172900.0
Guelph,2010,Mar,303200.0,316700.0,176000.0
Guelph,2010,Apr,303500.0,320100.0,183900.0
Guelph,2010,May,304200.0,323000.0,182700.0
Guelph,2010,Jun,303200.0,324000.0,180800.0
Guelph,2010,Jul,305000.0,325600.0,177600.0
Guelph,2010,Aug,304700.0,323800.0,173700.0
Guelph,2010,Sep,304500.0,319900.0,178100.0
Guelph,2010,Oct,301000.0,316200.0,178200.0
Guelph,2010,Nov,299800.0,316700.0,181300.0
Guelph,2010,Dec,294300.0,309700.0,176900.0
Guelph,2011,Jan,294500.0,310700.0,174400.0
Guelph,2011,Feb,301500.0,319300.0,173200.0
Guelph,2011,Mar,305700.0,322500.0,176300.0
Guelph,2011,Apr,308700.0,329000.0,178900.0
Guelph,2011,May,307200.0,327900.0,177600.0
Guelph,2011,Jun,308200.0,330000.0,180200.0
Guelph,2011,Jul,307500.0,326900.0,182400.0
Guelph,2011,Aug,307200.0,324500.0,183900.0
Guelph,2011,Sep,306700.0,325100.0,182700.0
Guelph,2011,Oct,307500.0,325800.0,180000.0
Guelph,2011,Nov,305000.0,324300.0,179200.0
Guelph,2011,Dec,308200.0,329500.0,178200.0
Guelph,2012,Jan,309200.0,328700.0,180200.0
Guelph,2012,Feb,315400.0,332600.0,181800.0
Guelph,2012,Mar,317400.0,334700.0,185600.0
Guelph,2012,Apr,319700.0,340900.0,187600.0
Guelph,2012,May,323400.0,346400.0,189800.0
Guelph,2012,Jun,324400.0,349000.0,187100.0
Guelph,2012,Jul,328400.0,350800.0,190800.0
Guelph,2012,Aug,326900.0,348500.0,189500.0
Guelph,2012,Sep,328100.0,349500.0,192900.0
Guelph,2012,Oct,326900.0,350600.0,193900.0
Guelph,2012,Nov,328400.0,350300.0,196800.0
Guelph,2012,Dec,325100.0,346100.0,195500.0
Guelph,2013,Jan,328100.0,350000.0,194700.0
Guelph,2013,Feb,333600.0,358100.0,195600.0
Guelph,2013,Mar,335800.0,359900.0,198000.0
Guelph,2013,Apr,337500.0,358900.0,202400.0
Guelph,2013,May,339800.0,363600.0,203700.0
Guelph,2013,Jun,341500.0,366700.0,202600.0
Guelph,2013,Jul,340300.0,365700.0,199000.0
Guelph,2013,Aug,339300.0,363800.0,195800.0
Guelph,2013,Sep,340500.0,365100.0,201400.0
Guelph,2013,Oct,345300.0,374000.0,203500.0
Guelph,2013,Nov,346500.0,371600.0,209600.0
Guelph,2013,Dec,340300.0,364600.0,199700.0
Guelph,2014,Jan,341300.0,360200.0,209500.0
Guelph,2014,Feb,343000.0,367200.0,201400.0
Guelph,2014,Mar,352700.0,376800.0,210500.0
Guelph,2014,Apr,356400.0,377600.0,213000.0
Guelph,2014,May,358400.0,381300.0,210100.0
Guelph,2014,Jun,356900.0,382600.0,207100.0
Guelph,2014,Jul,357400.0,383600.0,206700.0
Guelph,2014,Aug,359900.0,386000.0,210300.0
Guelph,2014,Sep,360900.0,384900.0,210500.0
Guelph,2014,Oct,360200.0,381300.0,214500.0
Guelph,2014,Nov,360400.0,382100.0,210000.0
Guelph,2014,Dec,359700.0,377600.0,218300.0
Guelph,2015,Jan,360700.0,382100.0,219200.0
Guelph,2015,Feb,368600.0,393200.0,224300.0
Guelph,2015,Mar,374800.0,400300.0,229100.0
Guelph,2015,Apr,379100.0,407300.0,221700.0
Guelph,2015,May,378600.0,406500.0,219200.0
Guelph,2015,Jun,380500.0,411500.0,216600.0
Guelph,2015,Jul,381300.0,410400.0,218300.0
Guelph,2015,Aug,381500.0,411700.0,218700.0
Guelph,2015,Sep,378300.0,407300.0,214200.0
Guelph,2015,Oct,375800.0,403900.0,216900.0
Guelph,2015,Nov,375300.0,403400.0,219800.0
Guelph,2015,Dec,380100.0,407300.0,226200.0
Guelph,2016,Jan,383300.0,415400.0,221900.0
Guelph,2016,Feb,387500.0,421100.0,223800.0
Guelph,2016,Mar,392700.0,426000.0,226600.0
Guelph,2016,Apr,396200.0,430700.0,231100.0
Guelph,2016,May,403200.0,440400.0,231200.0
Guelph,2016,Jun,408600.0,445300.0,233000.0
Guelph,2016,Jul,412100.0,452100.0,232800.0
Guelph,2016,Aug,418800.0,458800.0,236700.0
Guelph,2016,Sep,424000.0,465100.0,233700.0
Guelph,2016,Oct,429500.0,470300.0,234500.0
Guelph,2016,Nov,432200.0,470500.0,234100.0
Guelph,2016,Dec,438700.0,478900.0,239800.0
Guelph,2017,Jan,443400.0,485100.0,242000.0
Guelph,2017,Feb,459800.0,502300.0,247800.0
Guelph,2017,Mar,477500.0,524700.0,253300.0
Guelph,2017,Apr,495900.0,543700.0,263900.0
Guelph,2017,May,507100.0,548100.0,278100.0
Guelph,2017,Jun,507300.0,551000.0,282800.0
Guelph,2017,Jul,502800.0,544500.0,285700.0
Guelph,2017,Aug,489900.0,530700.0,277800.0
Guelph,2017,Sep,487200.0,521000.0,280200.0
Guelph,2017,Oct,485400.0,513000.0,280900.0
Guelph,2017,Nov,489700.0,517900.0,288100.0
Guelph,2017,Dec,496900.0,521800.0,294900.0
Guelph,2018,Jan,493400.0,520500.0,292800.0
Guelph,2018,Feb,498100.0,527300.0,288400.0
Guelph,2018,Mar,507100.0,539200.0,290900.0
Guelph,2018,Apr,516800.0,548900.0,295900.0
Guelph,2018,May,521000.0,552500.0,305000.0
Guelph,2018,Jun,518500.0,552500.0,302600.0
Guelph,2018,Jul,520000.0,555100.0,309200.0
Guelph,2018,Aug,517500.0,550200.0,312600.0
Guelph,2018,Sep,524200.0,559300.0,316000.0
Guelph,2018,Oct,526000.0,561100.0,310700.0
Guelph,2018,Nov,528200.0,560800.0,309100.0
Guelph,2018,Dec,524500.0,553600.0,309600.0
Guelph,2019,Jan,524200.0,554900.0,309600.0
Guelph,2019,Feb,525700.0,555900.0,300200.0
Guelph,2019,Mar,536600.0,570700.0,302900.0
Guelph,2019,Apr,545100.0,581700.0,313300.0
Guelph,2019,May,547800.0,587400.0,318400.0
Guelph,2019,Jun,551100.0,589200.0,323700.0
Guelph,2019,Jul,549600.0,587700.0,323200.0
Guelph,2019,Aug,549800.0,583500.0,329900.0
Guelph,2019,Sep,551300.0,586100.0,331300.0
Guelph,2019,Oct,560800.0,589200.0,338100.0
Guelph,2019,Nov,561800.0,589500.0,343700.0
Guelph,2019,Dec,562000.0,589200.0,336800.0
Guelph,2020,Jan,567700.0,595500.0,342700.0
Guelph,2020,Feb,581400.0,607200.0,345800.0
Guelph,2020,Mar,594100.0,616500.0,359200.0
Guelph,2020,Apr,595800.0,620700.0,357900.0
Guelph,2020,May,592100.0,618100.0,366300.0
Hamilton & Burlington,2005,Jan,225300.0,244300.0,155900.0
Hamilton & Burlington,2005,Feb,224400.0,242800.0,160000.0
Hamilton & Burlington,2005,Mar,228700.0,247900.0,161500.0
Hamilton & Burlington,2005,Apr,230300.0,251400.0,161800.0
Hamilton & Burlington,2005,May,230700.0,251600.0,164800.0
Hamilton & Burlington,2005,Jun,231900.0,253800.0,164000.0
Hamilton & Burlington,2005,Jul,232800.0,253600.0,164000.0
Hamilton & Burlington,2005,Aug,233500.0,253100.0,162900.0
Hamilton & Burlington,2005,Sep,233900.0,255500.0,166800.0
Hamilton & Burlington,2005,Oct,234800.0,256500.0,161200.0
Hamilton & Burlington,2005,Nov,234100.0,253600.0,163100.0
Hamilton & Burlington,2005,Dec,233900.0,254300.0,165600.0
Hamilton & Burlington,2006,Jan,237300.0,260100.0,164800.0
Hamilton & Burlington,2006,Feb,238900.0,258400.0,166800.0
Hamilton & Burlington,2006,Mar,241800.0,262800.0,168800.0
Hamilton & Burlington,2006,Apr,244300.0,266700.0,167600.0
Hamilton & Burlington,2006,May,247200.0,270700.0,169900.0
Hamilton & Burlington,2006,Jun,248500.0,272100.0,170100.0
Hamilton & Burlington,2006,Jul,246300.0,268700.0,168500.0
Hamilton & Burlington,2006,Aug,245800.0,268500.0,165900.0
Hamilton & Burlington,2006,Sep,249200.0,272400.0,171700.0
Hamilton & Burlington,2006,Oct,245800.0,267000.0,172100.0
Hamilton & Burlington,2006,Nov,247900.0,270400.0,170700.0
Hamilton & Burlington,2006,Dec,247200.0,269200.0,175700.0
Hamilton & Burlington,2007,Jan,249700.0,271100.0,172000.0
Hamilton & Burlington,2007,Feb,253700.0,277500.0,176300.0
Hamilton & Burlington,2007,Mar,254000.0,277500.0,174500.0
Hamilton & Burlington,2007,Apr,255800.0,280900.0,172400.0
Hamilton & Burlington,2007,May,261600.0,286800.0,181500.0
Hamilton & Burlington,2007,Jun,261200.0,285100.0,184900.0
Hamilton & Burlington,2007,Jul,262500.0,286000.0,185800.0
Hamilton & Burlington,2007,Aug,263000.0,285100.0,186500.0
Hamilton & Burlington,2007,Sep,263000.0,286800.0,186600.0
Hamilton & Burlington,2007,Oct,263900.0,287500.0,186600.0
Hamilton & Burlington,2007,Nov,260500.0,283400.0,187600.0
Hamilton & Burlington,2007,Dec,261600.0,286500.0,178200.0
Hamilton & Burlington,2008,Jan,265700.0,288500.0,186900.0
Hamilton & Burlington,2008,Feb,269100.0,296100.0,188000.0
Hamilton & Burlington,2008,Mar,270000.0,295300.0,186000.0
Hamilton & Burlington,2008,Apr,271500.0,296500.0,189000.0
Hamilton & Burlington,2008,May,273600.0,300500.0,188300.0
Hamilton & Burlington,2008,Jun,273800.0,299500.0,191800.0
Hamilton & Burlington,2008,Jul,270900.0,295100.0,192500.0
Hamilton & Burlington,2008,Aug,271500.0,297800.0,192100.0
Hamilton & Burlington,2008,Sep,271500.0,297000.0,186000.0
Hamilton & Burlington,2008,Oct,270000.0,292600.0,191100.0
Hamilton & Burlington,2008,Nov,263900.0,289000.0,186500.0
Hamilton & Burlington,2008,Dec,258200.0,281400.0,179600.0
Hamilton & Burlington,2009,Jan,258000.0,280700.0,182300.0
Hamilton & Burlington,2009,Feb,261200.0,285300.0,186300.0
Hamilton & Burlington,2009,Mar,263400.0,289900.0,182100.0
Hamilton & Burlington,2009,Apr,265000.0,291400.0,182600.0
Hamilton & Burlington,2009,May,266100.0,291400.0,187900.0
Hamilton & Burlington,2009,Jun,269100.0,296100.0,184700.0
Hamilton & Burlington,2009,Jul,269700.0,296100.0,192900.0
Hamilton & Burlington,2009,Aug,272900.0,298500.0,192500.0
Hamilton & Burlington,2009,Sep,274500.0,303600.0,190800.0
Hamilton & Burlington,2009,Oct,277200.0,305300.0,186800.0
Hamilton & Burlington,2009,Nov,279900.0,307500.0,196800.0
Hamilton & Burlington,2009,Dec,281000.0,305300.0,198900.0
Hamilton & Burlington,2010,Jan,278100.0,302200.0,196400.0
Hamilton & Burlington,2010,Feb,284600.0,314400.0,201600.0
Hamilton & Burlington,2010,Mar,288000.0,316300.0,199100.0
Hamilton & Burlington,2010,Apr,290700.0,318800.0,200200.0
Hamilton & Burlington,2010,May,292300.0,321200.0,209400.0
Hamilton & Burlington,2010,Jun,289600.0,317300.0,207400.0
Hamilton & Burlington,2010,Jul,291100.0,321700.0,200800.0
Hamilton & Burlington,2010,Aug,287800.0,314900.0,201300.0
Hamilton & Burlington,2010,Sep,288200.0,314900.0,197200.0
Hamilton & Burlington,2010,Oct,289100.0,318300.0,203100.0
Hamilton & Burlington,2010,Nov,290700.0,319300.0,202200.0
Hamilton & Burlington,2010,Dec,288200.0,313900.0,208600.0
Hamilton & Burlington,2011,Jan,286000.0,315800.0,199100.0
Hamilton & Burlington,2011,Feb,289800.0,317100.0,213000.0
Hamilton & Burlington,2011,Mar,296500.0,326800.0,204400.0
Hamilton & Burlington,2011,Apr,297900.0,328300.0,208600.0
Hamilton & Burlington,2011,May,298800.0,329000.0,210500.0
Hamilton & Burlington,2011,Jun,300400.0,327800.0,214800.0
Hamilton & Burlington,2011,Jul,304200.0,332500.0,222200.0
Hamilton & Burlington,2011,Aug,306700.0,335900.0,222800.0
Hamilton & Burlington,2011,Sep,304200.0,334200.0,213600.0
Hamilton & Burlington,2011,Oct,302900.0,332200.0,216900.0
Hamilton & Burlington,2011,Nov,302900.0,332700.0,213600.0
Hamilton & Burlington,2011,Dec,305600.0,335100.0,220300.0
Hamilton & Burlington,2012,Jan,308000.0,338300.0,223300.0
Hamilton & Burlington,2012,Feb,311400.0,343900.0,219200.0
Hamilton & Burlington,2012,Mar,316600.0,349300.0,220100.0
Hamilton & Burlington,2012,Apr,319300.0,354400.0,215500.0
Hamilton & Burlington,2012,May,324300.0,356600.0,225600.0
Hamilton & Burlington,2012,Jun,322900.0,356400.0,225000.0
Hamilton & Burlington,2012,Jul,324300.0,359800.0,226200.0
Hamilton & Burlington,2012,Aug,325600.0,359600.0,226800.0
Hamilton & Burlington,2012,Sep,322500.0,353000.0,234600.0
Hamilton & Burlington,2012,Oct,326100.0,363200.0,232000.0
Hamilton & Burlington,2012,Nov,321100.0,352000.0,232800.0
Hamilton & Burlington,2012,Dec,326300.0,359300.0,241800.0
Hamilton & Burlington,2013,Jan,329000.0,364700.0,235600.0
Hamilton & Burlington,2013,Feb,330600.0,367600.0,227000.0
Hamilton & Burlington,2013,Mar,335500.0,371500.0,228200.0
Hamilton & Burlington,2013,Apr,336000.0,371000.0,239600.0
Hamilton & Burlington,2013,May,342300.0,374500.0,244800.0
Hamilton & Burlington,2013,Jun,342300.0,375400.0,243200.0
Hamilton & Burlington,2013,Jul,342700.0,376700.0,247100.0
Hamilton & Burlington,2013,Aug,343600.0,378900.0,251600.0
Hamilton & Burlington,2013,Sep,344300.0,379100.0,251800.0
Hamilton & Burlington,2013,Oct,343400.0,377600.0,242300.0
Hamilton & Burlington,2013,Nov,343200.0,378900.0,238500.0
Hamilton & Burlington,2013,Dec,344100.0,381300.0,239500.0
Hamilton & Burlington,2014,Jan,344800.0,381500.0,242000.0
Hamilton & Burlington,2014,Feb,357600.0,400100.0,246800.0
Hamilton & Burlington,2014,Mar,359400.0,398600.0,248200.0
Hamilton & Burlington,2014,Apr,364400.0,405500.0,249400.0
Hamilton & Burlington,2014,May,365700.0,407000.0,246000.0
Hamilton & Burlington,2014,Jun,369600.0,413500.0,253500.0
Hamilton & Burlington,2014,Jul,369800.0,410900.0,256300.0
Hamilton & Burlington,2014,Aug,370000.0,412800.0,246600.0
Hamilton & Burlington,2014,Sep,373800.0,415300.0,259600.0
Hamilton & Burlington,2014,Oct,371600.0,410400.0,263200.0
Hamilton & Burlington,2014,Nov,373800.0,414800.0,256600.0
Hamilton & Burlington,2014,Dec,370200.0,410600.0,248000.0
Hamilton & Burlington,2015,Jan,380600.0,423800.0,252300.0
Hamilton & Burlington,2015,Feb,386200.0,429400.0,256500.0
Hamilton & Burlington,2015,Mar,395500.0,442900.0,259900.0
Hamilton & Burlington,2015,Apr,399300.0,442900.0,275000.0
Hamilton & Burlington,2015,May,402500.0,452400.0,263800.0
Hamilton & Burlington,2015,Jun,408300.0,456300.0,262900.0
Hamilton & Burlington,2015,Jul,407600.0,453100.0,277000.0
Hamilton & Burlington,2015,Aug,413300.0,461200.0,270300.0
Hamilton & Burlington,2015,Sep,411900.0,459000.0,271400.0
Hamilton & Burlington,2015,Oct,412600.0,457500.0,275000.0
Hamilton & Burlington,2015,Nov,415500.0,462900.0,284100.0
Hamilton & Burlington,2015,Dec,420300.0,466100.0,284400.0
Hamilton & Burlington,2016,Jan,427200.0,479000.0,275600.0
Hamilton & Burlington,2016,Feb,434000.0,485400.0,282300.0
Hamilton & Burlington,2016,Mar,450500.0,505200.0,301100.0
Hamilton & Burlington,2016,Apr,458100.0,513500.0,296100.0
Hamilton & Burlington,2016,May,468700.0,525900.0,293100.0
Hamilton & Burlington,2016,Jun,477700.0,534700.0,304300.0
Hamilton & Burlington,2016,Jul,480600.0,541500.0,294300.0
Hamilton & Burlington,2016,Aug,482400.0,539300.0,311300.0
Hamilton & Burlington,2016,Sep,492800.0,556900.0,306700.0
Hamilton & Burlington,2016,Oct,492100.0,553300.0,313200.0
Hamilton & Burlington,2016,Nov,497100.0,557400.0,318000.0
Hamilton & Burlington,2016,Dec,498200.0,561600.0,309500.0
Hamilton & Burlington,2017,Jan,519200.0,592400.0,328200.0
Hamilton & Burlington,2017,Feb,541900.0,618200.0,332900.0
Hamilton & Burlington,2017,Mar,571700.0,652900.0,344700.0
Hamilton & Burlington,2017,Apr,589900.0,669800.0,381800.0
Hamilton & Burlington,2017,May,578700.0,649000.0,385200.0
Hamilton & Burlington,2017,Jun,565100.0,630200.0,394300.0
Hamilton & Burlington,2017,Jul,548700.0,606800.0,379500.0
Hamilton & Burlington,2017,Aug,539900.0,596300.0,372000.0
Hamilton & Burlington,2017,Sep,543100.0,605300.0,373200.0
Hamilton & Burlington,2017,Oct,543700.0,601400.0,386500.0
Hamilton & Burlington,2017,Nov,548000.0,619000.0,368400.0
Hamilton & Burlington,2017,Dec,549100.0,617800.0,373200.0
Hamilton & Burlington,2018,Jan,555000.0,616800.0,381800.0
Hamilton & Burlington,2018,Feb,559500.0,628800.0,365300.0
Hamilton & Burlington,2018,Mar,570600.0,641500.0,376700.0
Hamilton & Burlington,2018,Apr,572600.0,641200.0,383100.0
Hamilton & Burlington,2018,May,583400.0,655100.0,397400.0
Hamilton & Burlington,2018,Jun,576600.0,649300.0,396000.0
Hamilton & Burlington,2018,Jul,579800.0,652900.0,410000.0
Hamilton & Burlington,2018,Aug,577300.0,644400.0,415300.0
Hamilton & Burlington,2018,Sep,575700.0,647100.0,410800.0
Hamilton & Burlington,2018,Oct,580200.0,646600.0,410000.0
Hamilton & Burlington,2018,Nov,582900.0,650700.0,403300.0
Hamilton & Burlington,2018,Dec,585200.0,659000.0,393800.0
Hamilton & Burlington,2019,Jan,583200.0,656600.0,394400.0
Hamilton & Burlington,2019,Feb,586800.0,658300.0,403800.0
Hamilton & Burlington,2019,Mar,593100.0,663200.0,407500.0
Hamilton & Burlington,2019,Apr,604400.0,682200.0,411400.0
Hamilton & Burlington,2019,May,603500.0,673700.0,409400.0
Hamilton & Burlington,2019,Jun,608200.0,683200.0,417400.0
Hamilton & Burlington,2019,Jul,608600.0,684000.0,425500.0
Hamilton & Burlington,2019,Aug,615200.0,688400.0,439200.0
Hamilton & Burlington,2019,Sep,617900.0,689600.0,448100.0
Hamilton & Burlington,2019,Oct,623500.0,697900.0,438700.0
Hamilton & Burlington,2019,Nov,627100.0,707400.0,432200.0
Hamilton & Burlington,2019,Dec,622200.0,694000.0,444500.0
Hamilton & Burlington,2020,Jan,629800.0,705000.0,458400.0
Hamilton & Burlington,2020,Feb,641100.0,719900.0,464300.0
Hamilton & Burlington,2020,Mar,653300.0,730600.0,474100.0
Hamilton & Burlington,2020,Apr,652100.0,723800.0,488000.0
Hamilton & Burlington,2020,May,659800.0,738200.0,479300.0
Niagara,2005,Jan,172600.0,184000.0,135400.0
Niagara,2005,Feb,172600.0,185100.0,137100.0
Niagara,2005,Mar,174500.0,186200.0,139000.0
Niagara,2005,Apr,175900.0,187500.0,140900.0
Niagara,2005,May,177300.0,188600.0,142800.0
Niagara,2005,Jun,178000.0,189800.0,144700.0
Niagara,2005,Jul,179000.0,190600.0,143600.0
Niagara,2005,Aug,178800.0,191500.0,142800.0
Niagara,2005,Sep,180900.0,192200.0,141700.0
Niagara,2005,Oct,179400.0,191700.0,143400.0
Niagara,2005,Nov,180000.0,190900.0,144900.0
Niagara,2005,Dec,179200.0,190200.0,146500.0
Niagara,2006,Jan,179900.0,191700.0,145900.0
Niagara,2006,Feb,182500.0,193300.0,145500.0
Niagara,2006,Mar,183100.0,195000.0,145000.0
Niagara,2006,Apr,185600.0,197200.0,145700.0
Niagara,2006,May,187100.0,199600.0,146400.0
Niagara,2006,Jun,187800.0,202000.0,147000.0
Niagara,2006,Jul,188200.0,202000.0,146600.0
Niagara,2006,Aug,189000.0,202000.0,146100.0
Niagara,2006,Sep,188200.0,201800.0,145500.0
Niagara,2006,Oct,187300.0,200900.0,144600.0
Niagara,2006,Nov,186800.0,200100.0,143600.0
Niagara,2006,Dec,187100.0,199400.0,142700.0
Niagara,2007,Jan,187300.0,201100.0,142200.0
Niagara,2007,Feb,189500.0,202700.0,141600.0
Niagara,2007,Mar,190700.0,204600.0,141200.0
Niagara,2007,Apr,193500.0,206200.0,142700.0
Niagara,2007,May,194400.0,208100.0,144300.0
Niagara,2007,Jun,195900.0,209700.0,145900.0
Niagara,2007,Jul,196600.0,211400.0,145900.0
Niagara,2007,Aug,197500.0,213000.0,146100.0
Niagara,2007,Sep,198500.0,214700.0,146100.0
Niagara,2007,Oct,197800.0,213200.0,147000.0
Niagara,2007,Nov,197500.0,211700.0,148000.0
Niagara,2007,Dec,196800.0,210300.0,148900.0
Niagara,2008,Jan,195600.0,210600.0,149600.0
Niagara,2008,Feb,197100.0,211000.0,150100.0
Niagara,2008,Mar,199000.0,211200.0,150800.0
Niagara,2008,Apr,198700.0,212300.0,151600.0
Niagara,2008,May,199400.0,213400.0,152300.0
Niagara,2008,Jun,200400.0,214300.0,153100.0
Niagara,2008,Jul,200900.0,214900.0,153100.0
Niagara,2008,Aug,200900.0,215400.0,153300.0
Niagara,2008,Sep,201600.0,216000.0,153100.0
Niagara,2008,Oct,198000.0,214500.0,153100.0
Niagara,2008,Nov,196400.0,212800.0,152800.0
Niagara,2008,Dec,195600.0,211200.0,152700.0
Niagara,2009,Jan,194000.0,208400.0,151400.0
Niagara,2009,Feb,195100.0,205500.0,149900.0
Niagara,2009,Mar,192000.0,202700.0,148400.0
Niagara,2009,Apr,193900.0,204600.0,151500.0
Niagara,2009,May,195400.0,206400.0,154700.0
Niagara,2009,Jun,196600.0,208400.0,158100.0
Niagara,2009,Jul,198500.0,210800.0,156500.0
Niagara,2009,Aug,199000.0,213200.0,155000.0
Niagara,2009,Sep,200200.0,215600.0,153400.0
Niagara,2009,Oct,200400.0,215200.0,153400.0
Niagara,2009,Nov,200200.0,215200.0,153500.0
Niagara,2009,Dec,199200.0,215000.0,153500.0
Niagara,2010,Jan,200100.0,215200.0,150400.0
Niagara,2010,Feb,200100.0,213900.0,145100.0
Niagara,2010,Mar,202300.0,216900.0,146600.0
Niagara,2010,Apr,204900.0,218700.0,144500.0
Niagara,2010,May,207300.0,223300.0,151100.0
Niagara,2010,Jun,206800.0,222000.0,153700.0
Niagara,2010,Jul,205100.0,221300.0,151200.0
Niagara,2010,Aug,205400.0,220600.0,148100.0
Niagara,2010,Sep,204700.0,218200.0,150100.0
Niagara,2010,Oct,204600.0,217800.0,154700.0
Niagara,2010,Nov,202700.0,213900.0,156400.0
Niagara,2010,Dec,203200.0,215800.0,153000.0
Niagara,2011,Jan,202000.0,213900.0,150300.0
Niagara,2011,Feb,204900.0,219600.0,155800.0
Niagara,2011,Mar,206600.0,219600.0,158300.0
Niagara,2011,Apr,209700.0,223900.0,161100.0
Niagara,2011,May,209200.0,221900.0,154900.0
Niagara,2011,Jun,210400.0,224200.0,151800.0
Niagara,2011,Jul,211600.0,227400.0,151400.0
Niagara,2011,Aug,212100.0,229000.0,154700.0
Niagara,2011,Sep,209700.0,226300.0,158900.0
Niagara,2011,Oct,207700.0,222600.0,151800.0
Niagara,2011,Nov,209400.0,223300.0,152800.0
Niagara,2011,Dec,209000.0,222400.0,150800.0
Niagara,2012,Jan,208900.0,223000.0,148500.0
Niagara,2012,Feb,209000.0,223300.0,145400.0
Niagara,2012,Mar,210100.0,222800.0,150300.0
Niagara,2012,Apr,213000.0,225200.0,151200.0
Niagara,2012,May,214400.0,225200.0,152300.0
Niagara,2012,Jun,214600.0,227000.0,158900.0
Niagara,2012,Jul,215400.0,228100.0,155000.0
Niagara,2012,Aug,214600.0,226500.0,158000.0
Niagara,2012,Sep,213500.0,227000.0,149600.0
Niagara,2012,Oct,214200.0,225300.0,155300.0
Niagara,2012,Nov,212700.0,223700.0,155300.0
Niagara,2012,Dec,212800.0,224200.0,161600.0
Niagara,2013,Jan,211100.0,224400.0,159500.0
Niagara,2013,Feb,212800.0,224600.0,157300.0
Niagara,2013,Mar,216300.0,229000.0,171700.0
Niagara,2013,Apr,218700.0,232200.0,170400.0
Niagara,2013,May,219900.0,232200.0,163100.0
Niagara,2013,Jun,221800.0,235100.0,161000.0
Niagara,2013,Jul,221600.0,234400.0,160300.0
Niagara,2013,Aug,221100.0,235500.0,162500.0
Niagara,2013,Sep,219400.0,232000.0,159100.0
Niagara,2013,Oct,220300.0,232000.0,163700.0
Niagara,2013,Nov,219400.0,230700.0,165400.0
Niagara,2013,Dec,221000.0,230900.0,163000.0
Niagara,2014,Jan,221300.0,231100.0,159900.0
Niagara,2014,Feb,223500.0,230700.0,160400.0
Niagara,2014,Mar,225600.0,234200.0,166400.0
Niagara,2014,Apr,228200.0,239700.0,168100.0
Niagara,2014,May,229600.0,243900.0,167100.0
Niagara,2014,Jun,231100.0,244800.0,162100.0
Niagara,2014,Jul,230400.0,245600.0,156400.0
Niagara,2014,Aug,230600.0,244500.0,164500.0
Niagara,2014,Sep,229900.0,242300.0,171100.0
Niagara,2014,Oct,229400.0,242800.0,172200.0
Niagara,2014,Nov,230400.0,244100.0,171500.0
Niagara,2014,Dec,230800.0,245200.0,171000.0
Niagara,2015,Jan,231100.0,246700.0,169200.0
Niagara,2015,Feb,233900.0,244800.0,172600.0
Niagara,2015,Mar,235500.0,249300.0,172200.0
Niagara,2015,Apr,239900.0,255000.0,177100.0
Niagara,2015,May,244100.0,260300.0,177600.0
Niagara,2015,Jun,246500.0,261400.0,175300.0
Niagara,2015,Jul,246500.0,261800.0,181700.0
Niagara,2015,Aug,247700.0,262100.0,189300.0
Niagara,2015,Sep,249600.0,263800.0,192200.0
Niagara,2015,Oct,251200.0,268000.0,188200.0
Niagara,2015,Nov,252700.0,271900.0,181500.0
Niagara,2015,Dec,251500.0,270200.0,178000.0
Niagara,2016,Jan,254800.0,271200.0,181000.0
Niagara,2016,Feb,257700.0,279200.0,181500.0
Niagara,2016,Mar,262900.0,282400.0,185500.0
Niagara,2016,Apr,270300.0,287000.0,187000.0
Niagara,2016,May,278600.0,293800.0,189100.0
Niagara,2016,Jun,283400.0,299700.0,192100.0
Niagara,2016,Jul,289500.0,305000.0,191000.0
Niagara,2016,Aug,295200.0,312900.0,195500.0
Niagara,2016,Sep,300400.0,320600.0,200200.0
Niagara,2016,Oct,306700.0,328400.0,204200.0
Niagara,2016,Nov,310400.0,332200.0,210700.0
Niagara,2016,Dec,315500.0,337400.0,222700.0
Niagara,2017,Jan,320700.0,341200.0,232500.0
Niagara,2017,Feb,333000.0,355600.0,234200.0
Niagara,2017,Mar,355600.0,372100.0,244100.0
Niagara,2017,Apr,367700.0,391500.0,247800.0
Niagara,2017,May,378900.0,401400.0,260200.0
Niagara,2017,Jun,381800.0,409300.0,267100.0
Niagara,2017,Jul,375300.0,402300.0,275000.0
Niagara,2017,Aug,369400.0,394600.0,282000.0
Niagara,2017,Sep,369100.0,389800.0,293100.0
Niagara,2017,Oct,368400.0,390700.0,289000.0
Niagara,2017,Nov,368900.0,388700.0,294500.0
Niagara,2017,Dec,369900.0,388000.0,269100.0
Niagara,2018,Jan,369100.0,388700.0,272900.0
Niagara,2018,Feb,373400.0,400800.0,261300.0
Niagara,2018,Mar,380300.0,405600.0,267700.0
Niagara,2018,Apr,383900.0,413700.0,275800.0
Niagara,2018,May,390600.0,415900.0,284000.0
Niagara,2018,Jun,389800.0,411300.0,286600.0
Niagara,2018,Jul,393100.0,418000.0,289600.0
Niagara,2018,Aug,391700.0,420200.0,289500.0
Niagara,2018,Sep,390600.0,414500.0,279400.0
Niagara,2018,Oct,393400.0,414300.0,289300.0
Niagara,2018,Nov,395600.0,418100.0,292400.0
Niagara,2018,Dec,396300.0,420900.0,307700.0
Niagara,2019,Jan,396300.0,415900.0,305200.0
Niagara,2019,Feb,398200.0,422900.0,306200.0
Niagara,2019,Mar,403800.0,428400.0,305000.0
Niagara,2019,Apr,405500.0,430100.0,299700.0
Niagara,2019,May,411000.0,432900.0,302300.0
Niagara,2019,Jun,416000.0,437300.0,304100.0
Niagara,2019,Jul,417700.0,440600.0,301100.0
Niagara,2019,Aug,418400.0,442600.0,304500.0
Niagara,2019,Sep,424300.0,449600.0,307200.0
Niagara,2019,Oct,422700.0,443200.0,320700.0
Niagara,2019,Nov,430000.0,447600.0,328000.0
Niagara,2019,Dec,432600.0,450700.0,326000.0
Niagara,2020,Jan,435000.0,456400.0,307200.0
Niagara,2020,Feb,441700.0,464900.0,311700.0
Niagara,2020,Mar,452400.0,474400.0,326300.0
Niagara,2020,Apr,456400.0,483800.0,330500.0
Niagara,2020,May,456400.0,485300.0,335300.0
Oakville & Milton,2005,Jan,379300.0,392500.0,223600.0
Oakville & Milton,2005,Feb,386900.0,401900.0,224300.0
Oakville & Milton,2005,Mar,395600.0,412500.0,224900.0
Oakville & Milton,2005,Apr,396000.0,412100.0,225600.0
Oakville & Milton,2005,May,396700.0,412100.0,226500.0
Oakville & Milton,2005,Jun,400900.0,416800.0,227200.0
Oakville & Milton,2005,Jul,396400.0,410600.0,227200.0
Oakville & Milton,2005,Aug,401300.0,416800.0,227400.0
Oakville & Milton,2005,Sep,401700.0,416800.0,227400.0
Oakville & Milton,2005,Oct,407000.0,423500.0,233000.0
Oakville & Milton,2005,Nov,404300.0,419200.0,238600.0
Oakville & Milton,2005,Dec,408900.0,425100.0,244400.0
Oakville & Milton,2006,Jan,411200.0,428200.0,237000.0
Oakville & Milton,2006,Feb,414600.0,432600.0,229600.0
Oakville & Milton,2006,Mar,421400.0,441200.0,222500.0
Oakville & Milton,2006,Apr,425200.0,445500.0,226300.0
Oakville & Milton,2006,May,425600.0,445100.0,229900.0
Oakville & Milton,2006,Jun,424100.0,441600.0,233700.0
Oakville & Milton,2006,Jul,423700.0,440400.0,235700.0
Oakville & Milton,2006,Aug,424400.0,441200.0,237900.0
Oakville & Milton,2006,Sep,429700.0,447500.0,239900.0
Oakville & Milton,2006,Oct,428200.0,444700.0,243300.0
Oakville & Milton,2006,Nov,425600.0,440400.0,246400.0
Oakville & Milton,2006,Dec,426000.0,440400.0,249800.0
Oakville & Milton,2007,Jan,430900.0,446700.0,246400.0
Oakville & Milton,2007,Feb,437000.0,454500.0,242800.0
Oakville & Milton,2007,Mar,439600.0,456900.0,239500.0
Oakville & Milton,2007,Apr,443400.0,461600.0,243300.0
Oakville & Milton,2007,May,448000.0,467500.0,247100.0
Oakville & Milton,2007,Jun,449500.0,468700.0,250900.0
Oakville & Milton,2007,Jul,451000.0,469100.0,252000.0
Oakville & Milton,2007,Aug,455200.0,473000.0,253100.0
Oakville & Milton,2007,Sep,453600.0,469100.0,254200.0
Oakville & Milton,2007,Oct,455200.0,471000.0,254200.0
Oakville & Milton,2007,Nov,459300.0,476900.0,254200.0
Oakville & Milton,2007,Dec,459300.0,476100.0,254200.0
Oakville & Milton,2008,Jan,465800.0,484400.0,258300.0
Oakville & Milton,2008,Feb,469600.0,488700.0,262100.0
Oakville & Milton,2008,Mar,467300.0,484800.0,266100.0
Oakville & Milton,2008,Apr,469200.0,485900.0,265400.0
Oakville & Milton,2008,May,470700.0,487500.0,264700.0
Oakville & Milton,2008,Jun,470700.0,486300.0,264100.0
Oakville & Milton,2008,Jul,466200.0,481600.0,264700.0
Oakville & Milton,2008,Aug,464600.0,481200.0,265400.0
Oakville & Milton,2008,Sep,460800.0,477300.0,266100.0
Oakville & Milton,2008,Oct,449100.0,462800.0,265600.0
Oakville & Milton,2008,Nov,454400.0,473000.0,265200.0
Oakville & Milton,2008,Dec,437300.0,450200.0,264700.0
Oakville & Milton,2009,Jan,439600.0,454500.0,260900.0
Oakville & Milton,2009,Feb,438100.0,453700.0,257400.0
Oakville & Milton,2009,Mar,437300.0,453700.0,253800.0
Oakville & Milton,2009,Apr,447600.0,466300.0,256000.0
Oakville & Milton,2009,May,459700.0,481200.0,258300.0
Oakville & Milton,2009,Jun,468800.0,491400.0,260500.0
Oakville & Milton,2009,Jul,471100.0,492600.0,260000.0
Oakville & Milton,2009,Aug,479100.0,502000.0,259600.0
Oakville & Milton,2009,Sep,487000.0,511100.0,259100.0
Oakville & Milton,2009,Oct,496100.0,520900.0,263800.0
Oakville & Milton,2009,Nov,502600.0,527500.0,268800.0
Oakville & Milton,2009,Dec,500300.0,521700.0,273700.0
Oakville & Milton,2010,Jan,512400.0,537400.0,277500.0
Oakville & Milton,2010,Feb,529500.0,556600.0,290700.0
Oakville & Milton,2010,Mar,526500.0,552300.0,285100.0
Oakville & Milton,2010,Apr,527600.0,551900.0,287100.0
Oakville & Milton,2010,May,528400.0,552700.0,286000.0
Oakville & Milton,2010,Jun,529900.0,553800.0,288200.0
Oakville & Milton,2010,Jul,518100.0,539700.0,287800.0
Oakville & Milton,2010,Aug,522700.0,546400.0,288400.0
Oakville & Milton,2010,Sep,524600.0,552700.0,285500.0
Oakville & Milton,2010,Oct,517700.0,539700.0,285500.0
Oakville & Milton,2010,Nov,518900.0,542800.0,284600.0
Oakville & Milton,2010,Dec,527600.0,555000.0,282200.0
Oakville & Milton,2011,Jan,531800.0,558500.0,288400.0
Oakville & Milton,2011,Feb,542000.0,570300.0,290500.0
Oakville & Milton,2011,Mar,546200.0,574200.0,288000.0
Oakville & Milton,2011,Apr,553400.0,582500.0,284600.0
Oakville & Milton,2011,May,558000.0,585200.0,291600.0
Oakville & Milton,2011,Jun,558700.0,584100.0,301000.0
Oakville & Milton,2011,Jul,564400.0,589200.0,309500.0
Oakville & Milton,2011,Aug,563600.0,589200.0,308100.0
Oakville & Milton,2011,Sep,577700.0,608400.0,311700.0
Oakville & Milton,2011,Oct,571600.0,598600.0,312400.0
Oakville & Milton,2011,Nov,564000.0,587600.0,308300.0
Oakville & Milton,2011,Dec,569000.0,591900.0,314600.0
Oakville & Milton,2012,Jan,581100.0,610000.0,303000.0
Oakville & Milton,2012,Feb,584900.0,612300.0,309200.0
Oakville & Milton,2012,Mar,589100.0,614700.0,310800.0
Oakville & Milton,2012,Apr,597800.0,622100.0,320400.0
Oakville & Milton,2012,May,598900.0,622900.0,323500.0
Oakville & Milton,2012,Jun,598200.0,620600.0,328200.0
Oakville & Milton,2012,Jul,608000.0,634300.0,328900.0
Oakville & Milton,2012,Aug,603500.0,628000.0,320900.0
Oakville & Milton,2012,Sep,606100.0,630400.0,329400.0
Oakville & Milton,2012,Oct,597400.0,620200.0,320400.0
Oakville & Milton,2012,Nov,601200.0,628800.0,317500.0
Oakville & Milton,2012,Dec,589100.0,614300.0,308600.0
Oakville & Milton,2013,Jan,602700.0,631200.0,309500.0
Oakville & Milton,2013,Feb,616700.0,647300.0,318800.0
Oakville & Milton,2013,Mar,621700.0,648800.0,335600.0
Oakville & Milton,2013,Apr,630000.0,661800.0,334300.0
Oakville & Milton,2013,May,626600.0,655900.0,331100.0
Oakville & Milton,2013,Jun,623900.0,652000.0,332300.0
Oakville & Milton,2013,Jul,631500.0,661800.0,340100.0
Oakville & Milton,2013,Aug,634200.0,664500.0,339400.0
Oakville & Milton,2013,Sep,630800.0,659800.0,330000.0
Oakville & Milton,2013,Oct,645600.0,677500.0,328000.0
Oakville & Milton,2013,Nov,647800.0,679800.0,339900.0
Oakville & Milton,2013,Dec,636800.0,664500.0,344100.0
Oakville & Milton,2014,Jan,652000.0,687300.0,337400.0
Oakville & Milton,2014,Feb,650500.0,684200.0,324900.0
Oakville & Milton,2014,Mar,658500.0,691600.0,322900.0
Oakville & Milton,2014,Apr,669100.0,701400.0,336100.0
Oakville & Milton,2014,May,678900.0,711200.0,341900.0
Oakville & Milton,2014,Jun,677800.0,707700.0,352800.0
Oakville & Milton,2014,Jul,679700.0,712000.0,354200.0
Oakville & Milton,2014,Aug,688800.0,723800.0,358400.0
Oakville & Milton,2014,Sep,681600.0,714400.0,363800.0
Oakville & Milton,2014,Oct,685800.0,716700.0,369200.0
Oakville & Milton,2014,Nov,687300.0,714000.0,393300.0
Oakville & Milton,2014,Dec,707800.0,741100.0,389300.0
Oakville & Milton,2015,Jan,698700.0,729300.0,388400.0
Oakville & Milton,2015,Feb,711900.0,750500.0,368000.0
Oakville & Milton,2015,Mar,710800.0,746600.0,365800.0
Oakville & Milton,2015,Apr,724500.0,761900.0,368700.0
Oakville & Milton,2015,May,728600.0,761500.0,379700.0
Oakville & Milton,2015,Jun,731300.0,768900.0,368900.0
Oakville & Milton,2015,Jul,741500.0,779100.0,375200.0
Oakville & Milton,2015,Aug,743000.0,781100.0,385700.0
Oakville & Milton,2015,Sep,743800.0,775600.0,396200.0
Oakville & Milton,2015,Oct,742300.0,773300.0,389700.0
Oakville & Milton,2015,Nov,761300.0,799900.0,380300.0
Oakville & Milton,2015,Dec,744200.0,777200.0,370700.0
Oakville & Milton,2016,Jan,776400.0,823500.0,372500.0
Oakville & Milton,2016,Feb,791200.0,835300.0,388200.0
Oakville & Milton,2016,Mar,804900.0,851400.0,388200.0
Oakville & Milton,2016,Apr,827300.0,871400.0,411000.0
Oakville & Milton,2016,May,851900.0,901600.0,415900.0
Oakville & Milton,2016,Jun,868600.0,917700.0,429500.0
Oakville & Milton,2016,Jul,873500.0,918900.0,436700.0
Oakville & Milton,2016,Aug,883000.0,931800.0,439100.0
Oakville & Milton,2016,Sep,902400.0,951800.0,444100.0
Oakville & Milton,2016,Oct,906100.0,953400.0,445000.0
Oakville & Milton,2016,Nov,924700.0,969500.0,462200.0
Oakville & Milton,2016,Dec,929700.0,973000.0,462800.0
Oakville & Milton,2017,Jan,983500.0,1050800.0,471300.0
Oakville & Milton,2017,Feb,1052900.0,1131200.0,475800.0
Oakville & Milton,2017,Mar,1099600.0,1174800.0,494100.0
Oakville & Milton,2017,Apr,1080600.0,1135900.0,514500.0
Oakville & Milton,2017,May,1046500.0,1081800.0,525700.0
Oakville & Milton,2017,Jun,1010500.0,1042900.0,527200.0
Oakville & Milton,2017,Jul,977500.0,1013100.0,526800.0
Oakville & Milton,2017,Aug,973700.0,1017400.0,519600.0
Oakville & Milton,2017,Sep,969500.0,1017000.0,504900.0
Oakville & Milton,2017,Oct,958500.0,1004100.0,493700.0
Oakville & Milton,2017,Nov,960400.0,1008000.0,489000.0
Oakville & Milton,2017,Dec,949000.0,988700.0,489900.0
Oakville & Milton,2018,Jan,960000.0,1004100.0,500400.0
Oakville & Milton,2018,Feb,983100.0,1031100.0,510000.0
Oakville & Milton,2018,Mar,985800.0,1033900.0,506200.0
Oakville & Milton,2018,Apr,987300.0,1033500.0,509100.0
Oakville & Milton,2018,May,980500.0,1024100.0,517800.0
Oakville & Milton,2018,Jun,983900.0,1031500.0,524300.0
Oakville & Milton,2018,Jul,974400.0,1014600.0,533100.0
Oakville & Milton,2018,Aug,984700.0,1027200.0,535300.0
Oakville & Milton,2018,Sep,983500.0,1022500.0,538600.0
Oakville & Milton,2018,Oct,979000.0,1015400.0,534400.0
Oakville & Milton,2018,Nov,977500.0,1014600.0,523900.0
Oakville & Milton,2018,Dec,985000.0,1029200.0,527900.0
Oakville & Milton,2019,Jan,987300.0,1030000.0,542900.0
Oakville & Milton,2019,Feb,990400.0,1037000.0,536600.0
Oakville & Milton,2019,Mar,996800.0,1042900.0,532600.0
Oakville & Milton,2019,Apr,1008200.0,1060200.0,535300.0
Oakville & Milton,2019,May,1013900.0,1064900.0,542400.0
Oakville & Milton,2019,Jun,1013100.0,1061400.0,542700.0
Oakville & Milton,2019,Jul,1023400.0,1076300.0,545100.0
Oakville & Milton,2019,Aug,1020300.0,1061400.0,555000.0
Oakville & Milton,2019,Sep,1022600.0,1066900.0,555900.0
Oakville & Milton,2019,Oct,1026400.0,1072300.0,551200.0
Oakville & Milton,2019,Nov,1027900.0,1075500.0,548000.0
Oakville & Milton,2019,Dec,1030200.0,1077800.0,543600.0
Oakville & Milton,2020,Jan,1048400.0,1100600.0,553600.0
Oakville & Milton,2020,Feb,1078000.0,1137900.0,555400.0
Oakville & Milton,2020,Mar,1113200.0,1177500.0,565900.0
Oakville & Milton,2020,Apr,1096900.0,1149300.0,574900.0
Oakville & Milton,2020,May,1100000.0,1148100.0,596600.0
