Date,Area,Composite_HPI,Two_Storey_HPI,Apartment_HPI,Composite_Benchmark,Two_Storey_Benchmark,Apartment_Benchmark
Jan 2005,Barrie_and_District,100,100,100,209000,220600,166400
Feb 2005,Barrie_and_District,101.5,101.2,100.3,212100,223200,166900
Mar 2005,Barrie_and_District,102.8,102.9,100.6,214800,227000,167400
Apr 2005,Barrie_and_District,103.5,103.4,100.9,216300,228100,167900
May 2005,Barrie_and_District,104.5,104,101.2,218400,229400,168400
Jun 2005,Barrie_and_District,104.4,104.1,101.5,218200,229600,168900
Jul 2005,Barrie_and_District,105.5,106,100.6,220500,233800,167400
Aug 2005,Barrie_and_District,105.9,105.3,99.8,221300,232300,166000
Sep 2005,Barrie_and_District,106.8,107.1,99,223200,236300,164700
Oct 2005,Barrie_and_District,107.2,106.3,101.8,224000,234500,169400
Nov 2005,Barrie_and_District,107.3,106.6,104.7,224200,235200,174200
Dec 2005,Barrie_and_District,109.4,107.4,107.6,228600,236900,179000
Jan 2006,Barrie_and_District,108.9,108.1,107.2,227600,238500,178400
Feb 2006,Barrie_and_District,109.4,108.9,106.9,228600,240200,177900
Mar 2006,Barrie_and_District,109.8,108.9,106.5,229500,240200,177200
Apr 2006,Barrie_and_District,111.1,111,106.5,232200,244900,177200
May 2006,Barrie_and_District,111.9,111.9,106.6,233800,246800,177400
Jun 2006,Barrie_and_District,111.1,110.5,106.6,232200,243800,177400
Jul 2006,Barrie_and_District,111.4,111.5,107.1,232800,246000,178200
Aug 2006,Barrie_and_District,111.7,111.1,107.5,233400,245100,178900
Sep 2006,Barrie_and_District,112,111.4,108,234100,245700,179700
Oct 2006,Barrie_and_District,111.2,111.3,109.1,232400,245500,181500
Nov 2006,Barrie_and_District,111.4,111.1,110.2,232800,245100,183400
Dec 2006,Barrie_and_District,109.7,108.7,111.4,229200,239800,185300
Jan 2007,Barrie_and_District,111.6,111.2,110.7,233200,245300,184200
Feb 2007,Barrie_and_District,113.3,112,110.1,236800,247100,183200
Mar 2007,Barrie_and_District,113.7,113.6,109.5,237600,250600,182200
Apr 2007,Barrie_and_District,114.3,114.5,112.1,238900,252600,186500
May 2007,Barrie_and_District,115,114,114.6,240300,251500,190700
Jun 2007,Barrie_and_District,116.9,114.7,117.3,244300,253000,195200
Jul 2007,Barrie_and_District,116.7,115.3,115.5,243900,254300,192200
Aug 2007,Barrie_and_District,117.1,115.2,113.7,244700,254100,189200
Sep 2007,Barrie_and_District,118,117.2,111.9,246600,258500,186200
Oct 2007,Barrie_and_District,117.3,117,113,245100,258100,188000
Nov 2007,Barrie_and_District,118.8,117,114.1,248300,258100,189800
Dec 2007,Barrie_and_District,118.6,117,115.3,247800,258100,191800
Jan 2008,Barrie_and_District,118.8,117.9,116.6,248300,260100,194000
Feb 2008,Barrie_and_District,120.5,119.1,117.9,251800,262700,196200
Mar 2008,Barrie_and_District,120.5,119.6,119.2,251800,263800,198300
Apr 2008,Barrie_and_District,121.3,120.4,119.9,253500,265600,199500
May 2008,Barrie_and_District,122.1,120.2,120.6,255200,265200,200700
Jun 2008,Barrie_and_District,122.4,121.4,121.2,255800,267800,201700
Jul 2008,Barrie_and_District,121.6,121.3,120.9,254100,267600,201200
Aug 2008,Barrie_and_District,121.4,119.9,120.5,253700,264500,200500
Sep 2008,Barrie_and_District,121.4,120.3,120.1,253700,265400,199800
Oct 2008,Barrie_and_District,119.3,118.7,118.4,249300,261800,197000
Nov 2008,Barrie_and_District,117.4,115.7,116.8,245300,255200,194300
Dec 2008,Barrie_and_District,115.1,115.6,115.1,240500,255000,191500
Jan 2009,Barrie_and_District,116.2,114.7,115.8,242800,253000,192700
Feb 2009,Barrie_and_District,116.2,115.9,116.5,242800,255700,193800
Mar 2009,Barrie_and_District,115.9,116.3,117.2,242200,256500,195000
Apr 2009,Barrie_and_District,117.2,116.9,117.4,244900,257900,195300
May 2009,Barrie_and_District,119.4,119,117.6,249500,262500,195700
Jun 2009,Barrie_and_District,120.4,119.2,117.9,251600,262900,196200
Jul 2009,Barrie_and_District,120.2,118.8,117.2,251200,262100,195000
Aug 2009,Barrie_and_District,119.8,118.8,116.5,250400,262100,193800
Sep 2009,Barrie_and_District,121,119,115.9,252900,262500,192800
Oct 2009,Barrie_and_District,122.1,120,116.5,255200,264700,193800
Nov 2009,Barrie_and_District,121.1,120.5,117.2,253100,265800,195000
Dec 2009,Barrie_and_District,120.9,118.4,117.8,252700,261200,196000
Jan 2010,Barrie_and_District,121.8,121.3,113.4,254500,267600,188700
Feb 2010,Barrie_and_District,123.1,122.4,115.2,257200,270000,191700
Mar 2010,Barrie_and_District,125.1,124.3,118.7,261400,274200,197500
Apr 2010,Barrie_and_District,125.9,124.8,121.5,263100,275300,202200
May 2010,Barrie_and_District,127,126.3,124.4,265400,278600,207000
Jun 2010,Barrie_and_District,125.9,124.6,121,263100,274900,201300
Jul 2010,Barrie_and_District,125.4,123.4,118.7,262100,272200,197500
Aug 2010,Barrie_and_District,124.3,123.2,119,259800,271800,198000
Sep 2010,Barrie_and_District,123.2,123.1,122.1,257500,271500,203200
Oct 2010,Barrie_and_District,122.5,120.8,120.3,256000,266500,200200
Nov 2010,Barrie_and_District,122.9,121.7,119.8,256800,268500,199300
Dec 2010,Barrie_and_District,121.6,119.6,117.6,254100,263800,195700
Jan 2011,Barrie_and_District,124,122.4,119.5,259100,270000,198800
Feb 2011,Barrie_and_District,125,124.6,119.1,261200,274900,198200
Mar 2011,Barrie_and_District,126.5,126.4,123.6,264400,278800,205600
Apr 2011,Barrie_and_District,128.5,127.2,125.5,268500,280600,208800
May 2011,Barrie_and_District,128.9,127.4,125.5,269400,281000,208800
Jun 2011,Barrie_and_District,129.4,127.6,123.9,270400,281500,206100
Jul 2011,Barrie_and_District,127.9,126.2,124.2,267300,278400,206600
Aug 2011,Barrie_and_District,128.9,127,120.5,269400,280200,200500
Sep 2011,Barrie_and_District,128.7,126.9,118.5,269000,279900,197200
Oct 2011,Barrie_and_District,128.8,127.8,118.9,269200,281900,197800
Nov 2011,Barrie_and_District,129,127.6,119.7,269600,281500,199200
Dec 2011,Barrie_and_District,128.6,127.9,120.8,268700,282100,201000
Jan 2012,Barrie_and_District,130,127.7,120.2,271700,281700,200000
Feb 2012,Barrie_and_District,129.8,129.6,116.7,271200,285900,194200
Mar 2012,Barrie_and_District,131.7,131.2,119.3,275200,289400,198500
Apr 2012,Barrie_and_District,134.1,133.3,117.3,280200,294100,195200
May 2012,Barrie_and_District,134.9,132.8,119.8,281900,292900,199300
Jun 2012,Barrie_and_District,135.6,134.4,121.8,283400,296500,202700
Jul 2012,Barrie_and_District,135.1,134.6,122.7,282300,296900,204100
Aug 2012,Barrie_and_District,136.9,134.3,125.3,286100,296300,208500
Sep 2012,Barrie_and_District,136.8,135.4,124,285900,298700,206300
Oct 2012,Barrie_and_District,134.7,135.8,124,281500,299600,206300
Nov 2012,Barrie_and_District,135.9,135.8,122.9,284000,299600,204500
Dec 2012,Barrie_and_District,136.7,137.3,120.9,285700,302900,201200
Jan 2013,Barrie_and_District,134.8,135.6,120.7,281700,299100,200800
Feb 2013,Barrie_and_District,136.4,135.4,121.4,285000,298700,202000
Mar 2013,Barrie_and_District,138.7,137.1,127.3,289800,302400,211800
Apr 2013,Barrie_and_District,139.6,139,125.4,291700,306600,208600
May 2013,Barrie_and_District,141.7,140,127.9,296100,308800,212800
Jun 2013,Barrie_and_District,142.2,140.7,127.8,297200,310400,212600
Jul 2013,Barrie_and_District,142,141.7,128,296700,312600,213000
Aug 2013,Barrie_and_District,142.8,142.7,128.6,298400,314800,214000
Sep 2013,Barrie_and_District,145.9,143.9,126.1,304900,317400,209800
Oct 2013,Barrie_and_District,143.8,142.5,125.5,300500,314300,208800
Nov 2013,Barrie_and_District,144.7,142.3,125.2,302400,313900,208300
Dec 2013,Barrie_and_District,140.6,140.6,122.2,293800,310200,203300
Jan 2014,Barrie_and_District,142.2,141.5,118.5,297200,312100,197200
Feb 2014,Barrie_and_District,146.5,145.5,123.3,306100,321000,205100
Mar 2014,Barrie_and_District,148,146.1,125.6,309300,322300,209000
Apr 2014,Barrie_and_District,149.3,149.2,127.6,312000,329100,212300
May 2014,Barrie_and_District,151.9,151.8,132.9,317400,334900,221100
Jun 2014,Barrie_and_District,151.9,151.1,130.2,317400,333300,216600
Jul 2014,Barrie_and_District,153,152.3,129.2,319700,336000,215000
Aug 2014,Barrie_and_District,151.7,153,127.4,317000,337500,212000
Sep 2014,Barrie_and_District,152,151.4,129.1,317600,334000,214800
Oct 2014,Barrie_and_District,151.3,152.3,131.2,316200,336000,218300
Nov 2014,Barrie_and_District,153.2,152.9,132.7,320100,337300,220800
Dec 2014,Barrie_and_District,152.3,153.4,134.7,318300,338400,224100
Jan 2015,Barrie_and_District,154.1,154.1,135.9,322000,339900,226100
Feb 2015,Barrie_and_District,155,155.2,135.2,323900,342400,224900
Mar 2015,Barrie_and_District,158.4,158.9,133.8,331000,350500,222600
Apr 2015,Barrie_and_District,160.8,160.8,134.1,336000,354700,223100
May 2015,Barrie_and_District,162.4,163.6,137.3,339400,360900,228400
Jun 2015,Barrie_and_District,164.8,165.7,137.5,344400,365500,228800
Jul 2015,Barrie_and_District,166.7,166.5,140.3,348400,367300,233400
Aug 2015,Barrie_and_District,165.1,167.6,140.5,345000,369700,233800
Sep 2015,Barrie_and_District,169.4,169.2,146.6,354000,373200,243900
Oct 2015,Barrie_and_District,169.4,170.8,146.1,354000,376800,243100
Nov 2015,Barrie_and_District,170.6,171.1,143.9,356500,377400,239400
Dec 2015,Barrie_and_District,171.9,173.9,142.4,359200,383600,236900
Jan 2016,Barrie_and_District,172.8,175.1,142.1,361100,386300,236400
Feb 2016,Barrie_and_District,179.7,181.9,145.2,375500,401300,241600
Mar 2016,Barrie_and_District,183.4,185.3,146.2,383300,408800,243200
Apr 2016,Barrie_and_District,187.6,190.1,148.3,392000,419300,246700
May 2016,Barrie_and_District,192.5,193.8,153,402300,427500,254600
Jun 2016,Barrie_and_District,196.3,198.3,152.3,410200,437400,253400
Jul 2016,Barrie_and_District,199.1,200.9,158.6,416100,443200,263900
Aug 2016,Barrie_and_District,202.5,203.4,165.7,423200,448700,275700
Sep 2016,Barrie_and_District,205.2,206.2,168.7,428800,454900,280700
Oct 2016,Barrie_and_District,208,211.4,172.2,434700,466300,286500
Nov 2016,Barrie_and_District,210.5,214.1,172.8,439900,472300,287500
Dec 2016,Barrie_and_District,214.7,218.5,174.2,448700,482000,289800
Jan 2017,Barrie_and_District,220.6,223.9,174.7,461000,493900,290700
Feb 2017,Barrie_and_District,233.5,236.5,176.3,488000,521700,293300
Mar 2017,Barrie_and_District,247.7,249.5,183.7,517600,550400,305600
Apr 2017,Barrie_and_District,253.9,255.5,194,530600,563600,322800
May 2017,Barrie_and_District,250.7,253.2,202.1,523900,558500,336300
Jun 2017,Barrie_and_District,244.7,250.3,200.4,511400,552100,333400
Jul 2017,Barrie_and_District,235.9,240.3,198.9,493000,530100,330900
Aug 2017,Barrie_and_District,230.5,236.2,194.1,481700,521000,322900
Sep 2017,Barrie_and_District,233.5,233.9,193.7,488000,516000,322300
Oct 2017,Barrie_and_District,228.8,233.4,192.7,478100,514900,320600
Nov 2017,Barrie_and_District,227.7,234.3,189.3,475800,516800,315000
Dec 2017,Barrie_and_District,225.6,229.4,192.2,471400,506000,319800
Jan 2018,Barrie_and_District,228.2,230,189.8,476900,507400,315800
Feb 2018,Barrie_and_District,229.3,232.3,189.6,479200,512400,315500
Mar 2018,Barrie_and_District,234.4,234.8,191.9,489800,518000,319300
Apr 2018,Barrie_and_District,232.3,237,194.4,485400,522800,323400
May 2018,Barrie_and_District,234.2,237.3,194.6,489400,523500,323800
Jun 2018,Barrie_and_District,228.5,232.9,192.1,477500,513800,319600
Jul 2018,Barrie_and_District,228.1,232.7,199.9,476700,513300,332600
Aug 2018,Barrie_and_District,226.8,228.7,198.7,474000,504500,330600
Sep 2018,Barrie_and_District,227.7,229.5,200.4,475800,506300,333400
Oct 2018,Barrie_and_District,229.1,232,201.2,478800,511800,334800
Nov 2018,Barrie_and_District,224.7,228.9,206.9,469600,504900,344200
Dec 2018,Barrie_and_District,225,229.5,208.9,470200,506300,347600
Jan 2019,Barrie_and_District,224.2,227.4,203.6,468500,501600,338800
Feb 2019,Barrie_and_District,221.4,221.5,204,462700,488600,339400
Mar 2019,Barrie_and_District,222,219.4,201.7,463900,484000,335600
Apr 2019,Barrie_and_District,212.1,207.5,205.7,443200,457700,342200
May 2019,Barrie_and_District,220.7,216.6,205.6,461200,477800,342100
Jun 2019,Barrie_and_District,222.9,224.9,206,465800,496100,342700
Jul 2019,Barrie_and_District,224.7,222.9,204.3,469600,491700,339900
Aug 2019,Barrie_and_District,228.5,227.9,207.9,477500,502700,345900
Sep 2019,Barrie_and_District,225.8,223.6,207.9,471900,493200,345900
Oct 2019,Barrie_and_District,228.4,229.3,204.1,477300,505800,339600
Nov 2019,Barrie_and_District,227.5,228.6,204.8,475400,504300,340700
Dec 2019,Barrie_and_District,232.2,234.9,207.9,485200,518200,345900
Jan 2020,Barrie_and_District,233.1,234.2,213.4,487100,516600,355100
Feb 2020,Barrie_and_District,238.3,238.3,219.7,498000,525700,365500
Mar 2020,Barrie_and_District,244.5,245.9,225.4,510900,542400,375000
Apr 2020,Barrie_and_District,245.6,246.9,219.5,513200,544600,365200
May 2020,Barrie_and_District,247.1,250.1,216.2,516400,551700,359700
Jan 2005,Greater_Toronto,100,100,100,303500,358300,200400
Feb 2005,Greater_Toronto,100.9,101.1,100,306200,362300,200400
Mar 2005,Greater_Toronto,101.9,102.4,100.7,309200,366900,201800
Apr 2005,Greater_Toronto,102.7,103.4,101.1,311700,370500,202600
May 2005,Greater_Toronto,103.5,103.9,102,314100,372300,204400
Jun 2005,Greater_Toronto,103.9,104.5,102.3,315300,374400,205000
Jul 2005,Greater_Toronto,104.1,104.6,102.7,315900,374800,205800
Aug 2005,Greater_Toronto,104.4,104.7,103,316800,375200,206400
Sep 2005,Greater_Toronto,104.8,105,103.6,318000,376200,207700
Oct 2005,Greater_Toronto,105.1,105.4,103.6,318900,377700,207700
Nov 2005,Greater_Toronto,105.2,105.8,103.4,319200,379100,207300
Dec 2005,Greater_Toronto,105.3,105.5,104.4,319500,378000,209300
Jan 2006,Greater_Toronto,105.8,106.4,104.6,321100,381200,209700
Feb 2006,Greater_Toronto,106.7,107.3,105.4,323800,384500,211300
Mar 2006,Greater_Toronto,107.8,108.4,105.7,327100,388400,211900
Apr 2006,Greater_Toronto,108.7,109.5,106.7,329900,392400,213900
May 2006,Greater_Toronto,109.4,110.1,106.8,332000,394500,214100
Jun 2006,Greater_Toronto,109.4,109.9,107.1,332000,393800,214700
Jul 2006,Greater_Toronto,109.3,109.7,107.3,331700,393100,215100
Aug 2006,Greater_Toronto,109.1,109.5,107.1,331100,392400,214700
Sep 2006,Greater_Toronto,109.4,109.7,108.1,332000,393100,216700
Oct 2006,Greater_Toronto,109.4,109.8,107.9,332000,393400,216300
Nov 2006,Greater_Toronto,109.4,109.4,108.4,332000,392000,217300
Dec 2006,Greater_Toronto,109,109.3,107.1,330800,391600,214700
Jan 2007,Greater_Toronto,109.4,109.8,107.8,332000,393400,216100
Feb 2007,Greater_Toronto,110.9,111.5,108.7,336500,399500,217900
Mar 2007,Greater_Toronto,112.1,112.8,110.2,340200,404200,220900
Apr 2007,Greater_Toronto,113.2,113.8,111.5,343500,407800,223500
May 2007,Greater_Toronto,114.4,114.9,112.7,347200,411700,225900
Jun 2007,Greater_Toronto,115.4,116.1,113.2,350200,416000,226900
Jul 2007,Greater_Toronto,115.9,116.3,114.3,351700,416700,229100
Aug 2007,Greater_Toronto,116.3,116.6,115.2,352900,417800,230900
Sep 2007,Greater_Toronto,116.9,117.3,115.7,354800,420300,231900
Oct 2007,Greater_Toronto,117.6,118.4,116,356900,424200,232500
Nov 2007,Greater_Toronto,118,118.6,116.3,358100,425000,233100
Dec 2007,Greater_Toronto,118,118.7,116.7,358100,425300,233900
Jan 2008,Greater_Toronto,118.4,119.1,117.5,359300,426800,235500
Feb 2008,Greater_Toronto,119.4,120.4,118.8,362300,431400,238100
Mar 2008,Greater_Toronto,120.1,120.9,119.8,364500,433200,240100
Apr 2008,Greater_Toronto,120.6,121.1,120.9,366000,433900,242300
May 2008,Greater_Toronto,120.9,121,121.7,366900,433600,243900
Jun 2008,Greater_Toronto,120.6,120.6,121.5,366000,432100,243500
Jul 2008,Greater_Toronto,120.1,119.4,122.3,364500,427800,245100
Aug 2008,Greater_Toronto,119.7,118.6,122.8,363200,425000,246100
Sep 2008,Greater_Toronto,119.1,117.9,122.3,361400,422500,245100
Oct 2008,Greater_Toronto,118.3,117.2,121.4,359000,419900,243300
Nov 2008,Greater_Toronto,117.1,116,119.8,355400,415600,240100
Dec 2008,Greater_Toronto,115.5,114.5,119.2,350500,410300,238900
Jan 2009,Greater_Toronto,113.8,112.8,116.4,345300,404200,233300
Feb 2009,Greater_Toronto,113.1,112.5,115.2,343200,403100,230900
Mar 2009,Greater_Toronto,113.6,112.8,116.2,344700,404200,232900
Apr 2009,Greater_Toronto,114.8,114.1,117.4,348400,408800,235300
May 2009,Greater_Toronto,116.4,116,118.7,353200,415600,237900
Jun 2009,Greater_Toronto,118.1,117.9,120.3,358400,422500,241100
Jul 2009,Greater_Toronto,119.9,119.5,122.8,363900,428200,246100
Aug 2009,Greater_Toronto,121.5,121.2,124.7,368700,434300,249900
Sep 2009,Greater_Toronto,123.3,123.1,126.8,374200,441100,254200
Oct 2009,Greater_Toronto,125,124.7,128.5,379300,446800,257600
Nov 2009,Greater_Toronto,126.4,126.2,130.5,383600,452200,261600
Dec 2009,Greater_Toronto,127.2,126.3,132.3,386000,452600,265200
Jan 2010,Greater_Toronto,128.7,128.5,133.4,390600,460400,267400
Feb 2010,Greater_Toronto,130.5,130.6,134.9,396000,468000,270400
Mar 2010,Greater_Toronto,132.1,132.2,135.9,400900,473700,272400
Apr 2010,Greater_Toronto,133,133,136.7,403600,476600,274000
May 2010,Greater_Toronto,133.1,132.9,136.8,403900,476200,274200
Jun 2010,Greater_Toronto,132.4,132,135.8,401800,473000,272200
Jul 2010,Greater_Toronto,131.4,131.1,134.2,398800,469800,269000
Aug 2010,Greater_Toronto,131,130.9,133.5,397500,469000,267600
Sep 2010,Greater_Toronto,131.2,131.2,134.2,398100,470100,269000
Oct 2010,Greater_Toronto,131.4,131.3,134.8,398800,470500,270200
Nov 2010,Greater_Toronto,131.9,132,134.6,400300,473000,269800
Dec 2010,Greater_Toronto,132.4,132.7,135.6,401800,475500,271800
Jan 2011,Greater_Toronto,133.5,134,136.5,405100,480100,273600
Feb 2011,Greater_Toronto,135.6,135.9,138.7,411500,487000,278000
Mar 2011,Greater_Toronto,137.1,137.9,139.2,416100,494100,279000
Apr 2011,Greater_Toronto,138.6,139.4,140.5,420600,499500,281600
May 2011,Greater_Toronto,139.9,140.8,141.7,424500,504500,284000
Jun 2011,Greater_Toronto,140.3,141.1,142.6,425800,505600,285800
Jul 2011,Greater_Toronto,141,141.8,143.2,427900,508100,287000
Aug 2011,Greater_Toronto,141.7,142.4,144.1,430000,510200,288800
Sep 2011,Greater_Toronto,142.1,142.8,144.3,431200,511700,289200
Oct 2011,Greater_Toronto,142.8,143.4,145.5,433300,513800,291600
Nov 2011,Greater_Toronto,143.1,143.7,145,434300,514900,290600
Dec 2011,Greater_Toronto,143.6,144.7,144.6,435800,518500,289800
Jan 2012,Greater_Toronto,143.9,145.2,144.1,436700,520300,288800
Feb 2012,Greater_Toronto,145.8,147.7,144.7,442500,529200,290000
Mar 2012,Greater_Toronto,148.1,150.2,146.1,449400,538200,292800
Apr 2012,Greater_Toronto,149.9,152.1,146.6,454900,545000,293800
May 2012,Greater_Toronto,151.2,153.4,148.3,458800,549700,297200
Jun 2012,Greater_Toronto,151.5,153.4,148.2,459800,549700,297000
Jul 2012,Greater_Toronto,151,153,147.2,458200,548200,295000
Aug 2012,Greater_Toronto,150.8,152.4,147.4,457600,546100,295400
Sep 2012,Greater_Toronto,150.7,152.9,147.2,457300,547900,295000
Oct 2012,Greater_Toronto,150.5,152.6,147.4,456700,546800,295400
Nov 2012,Greater_Toronto,150.2,152.5,146.3,455800,546400,293200
Dec 2012,Greater_Toronto,149.8,152,145.8,454600,544600,292200
Jan 2013,Greater_Toronto,149.6,151.8,145.2,454000,543900,291000
Feb 2013,Greater_Toronto,150.7,152.9,145.8,457300,547900,292200
Mar 2013,Greater_Toronto,152.8,155.1,147.5,463700,555700,295600
Apr 2013,Greater_Toronto,154.5,157.2,148.9,468900,563300,298400
May 2013,Greater_Toronto,155.8,158.3,150,472800,567200,300700
Jun 2013,Greater_Toronto,156.4,159.3,149.4,474600,570800,299500
Jul 2013,Greater_Toronto,156.6,159.3,150,475200,570800,300700
Aug 2013,Greater_Toronto,156.8,159.6,150.7,475800,571900,302100
Sep 2013,Greater_Toronto,157.2,159.5,150.1,477000,571500,300900
Oct 2013,Greater_Toronto,157.7,160,150.9,478600,573300,302500
Nov 2013,Greater_Toronto,158.8,160.9,151.4,481900,576500,303500
Dec 2013,Greater_Toronto,159,161.7,151.5,482500,579400,303700
Jan 2014,Greater_Toronto,160.1,163,152,485800,584100,304700
Feb 2014,Greater_Toronto,161.8,165.2,152,491000,591900,304700
Mar 2014,Greater_Toronto,163.8,167.5,153.5,497100,600200,307700
Apr 2014,Greater_Toronto,165.5,169.2,154.9,502200,606300,310500
May 2014,Greater_Toronto,167,170.9,155.6,506800,612400,311900
Jun 2014,Greater_Toronto,168.6,172.4,157.3,511600,617700,315300
Jul 2014,Greater_Toronto,169,172.8,157.2,512900,619200,315100
Aug 2014,Greater_Toronto,168.8,172.6,157.4,512300,618500,315500
Sep 2014,Greater_Toronto,169.2,173,157.1,513500,619900,314900
Oct 2014,Greater_Toronto,170.3,174.6,158.1,516800,625600,316900
Nov 2014,Greater_Toronto,170.9,175.2,158.4,518600,627800,317500
Dec 2014,Greater_Toronto,171.4,176,158.7,520100,630600,318100
Jan 2015,Greater_Toronto,172,176.4,158.8,522000,632100,318300
Feb 2015,Greater_Toronto,174.4,179.6,159.4,529200,643500,319500
Mar 2015,Greater_Toronto,177,182.4,160.5,537100,653600,321700
Apr 2015,Greater_Toronto,179.8,185.6,162.6,545600,665000,325900
May 2015,Greater_Toronto,182,188.3,164.1,552300,674700,328900
Jun 2015,Greater_Toronto,183.8,190.7,164.5,557800,683300,329700
Jul 2015,Greater_Toronto,184.9,191.9,165,561100,687600,330700
Aug 2015,Greater_Toronto,185.7,192.7,166.2,563500,690500,333100
Sep 2015,Greater_Toronto,186.8,193.6,166.9,566900,693700,334500
Oct 2015,Greater_Toronto,187.4,194.6,166.7,568700,697300,334100
Nov 2015,Greater_Toronto,188.3,195.6,167,571400,700900,334700
Dec 2015,Greater_Toronto,188.9,196.1,167,573200,702700,334700
Jan 2016,Greater_Toronto,189.7,197.9,165.9,575700,709100,332500
Feb 2016,Greater_Toronto,193.2,201.7,168.9,586300,722700,338500
Mar 2016,Greater_Toronto,197.5,206.5,171.8,599300,739900,344300
Apr 2016,Greater_Toronto,202.4,212.4,174.4,614200,761100,349600
May 2016,Greater_Toronto,209,220.4,176.6,634200,789700,354000
Jun 2016,Greater_Toronto,212.7,224.4,178.1,645500,804100,357000
Jul 2016,Greater_Toronto,215.2,227.3,180.4,653100,814400,361600
Aug 2016,Greater_Toronto,217.5,229.8,182.2,660000,823400,365200
Sep 2016,Greater_Toronto,220.1,232.4,184.7,667900,832700,370200
Oct 2016,Greater_Toronto,224.1,236.7,188.2,680100,848100,377200
Nov 2016,Greater_Toronto,226,238.3,190.6,685800,853900,382000
Dec 2016,Greater_Toronto,228.3,240.4,192.1,692800,861400,385000
Jan 2017,Greater_Toronto,232.7,244.8,195.8,706200,877200,392500
Feb 2017,Greater_Toronto,240.3,252.9,201.4,729200,906200,403700
Mar 2017,Greater_Toronto,254.8,268.1,213.8,773200,960600,428500
Apr 2017,Greater_Toronto,266.1,279.7,224.5,807500,1002200,450000
May 2017,Greater_Toronto,268.7,281.3,231.1,815400,1007900,463200
Jun 2017,Greater_Toronto,266.5,277.8,233.2,808700,995400,467400
Jul 2017,Greater_Toronto,254.4,261.2,231.7,772000,935900,464400
Aug 2017,Greater_Toronto,248.5,254.6,229.8,754100,912300,460600
Sep 2017,Greater_Toronto,247.4,252.7,230.4,750800,905500,461800
Oct 2017,Greater_Toronto,246,251.5,231.7,746500,901200,464400
Nov 2017,Greater_Toronto,245.1,250.4,232,743800,897200,465000
Dec 2017,Greater_Toronto,244.6,248.7,234,742300,891100,469000
Jan 2018,Greater_Toronto,244.2,247.5,234.3,741100,886800,469600
Feb 2018,Greater_Toronto,247.1,250.3,239.4,749900,896900,479800
Mar 2018,Greater_Toronto,250.3,252.7,243.6,759600,905500,488300
Apr 2018,Greater_Toronto,252,253.7,247.2,764700,909000,495500
May 2018,Greater_Toronto,254,255.5,249.4,770800,915500,499900
Jun 2018,Greater_Toronto,253.8,255.5,250.2,770200,915500,501500
Jul 2018,Greater_Toronto,252.9,254.5,250.7,767500,911900,502500
Aug 2018,Greater_Toronto,252.1,252.2,252.1,765000,903700,505300
Sep 2018,Greater_Toronto,252.3,252.2,252.7,765600,903700,506500
Oct 2018,Greater_Toronto,252.6,251.8,253.7,766600,902200,508500
Nov 2018,Greater_Toronto,251.9,251.6,253.6,764400,901500,508300
Dec 2018,Greater_Toronto,252.2,251,255.6,765300,899400,512300
Jan 2019,Greater_Toronto,251.6,250.4,255,763500,897200,511100
Feb 2019,Greater_Toronto,253.4,251.3,258.9,769000,900400,518900
Mar 2019,Greater_Toronto,256.8,254.9,261.6,779300,913300,524300
Apr 2019,Greater_Toronto,260,258.5,264.5,789000,926200,530200
May 2019,Greater_Toronto,262,259.1,267.4,795100,928400,536000
Jun 2019,Greater_Toronto,263.1,259.8,269.2,798400,930900,539600
Jul 2019,Greater_Toronto,263.7,259.7,270.8,800200,930500,542800
Aug 2019,Greater_Toronto,264.1,259.6,271.6,801500,930200,544400
Sep 2019,Greater_Toronto,265.1,260.6,272.6,804500,933800,546400
Oct 2019,Greater_Toronto,267,262.4,275,810300,940200,551200
Nov 2019,Greater_Toronto,268.9,263.9,277.8,816000,945600,556800
Dec 2019,Greater_Toronto,269.7,264.2,280,818400,946700,561200
Jan 2020,Greater_Toronto,272.9,267.6,282.3,828200,958900,565800
Feb 2020,Greater_Toronto,278.1,272,289.2,843900,974600,579700
Mar 2020,Greater_Toronto,284.8,278.4,296.9,864300,997500,595100
Apr 2020,Greater_Toronto,286.6,279.2,300.3,869700,1000400,601900
May 2020,Greater_Toronto,286.7,279.4,300,870000,1001100,601300
Jan 2005,Guelph,100,100,100,248600,260300,161100
Feb 2005,Guelph,100.5,100.4,100.5,249800,261300,161900
Mar 2005,Guelph,100.9,100.8,101,250800,262300,162800
Apr 2005,Guelph,101.5,101.3,101.5,252300,263600,163600
May 2005,Guelph,102,101.7,102,253500,264700,164400
Jun 2005,Guelph,102.4,102.1,102.5,254500,265700,165200
Jul 2005,Guelph,102.5,102.7,103.7,254800,267300,167100
Aug 2005,Guelph,102.6,103.2,104.8,255000,268600,168900
Sep 2005,Guelph,102.6,103.6,106,255000,269600,170800
Oct 2005,Guelph,102.6,103.7,104,255000,269900,167600
Nov 2005,Guelph,102.6,103.8,102,255000,270100,164400
Dec 2005,Guelph,102.5,103.8,100.1,254800,270100,161300
Jan 2006,Guelph,103.1,104.3,102.4,256300,271400,165000
Feb 2006,Guelph,103.7,104.8,104.6,257800,272700,168600
Mar 2006,Guelph,104.3,105.2,106.9,259300,273800,172300
Apr 2006,Guelph,104.8,105.6,104.9,260500,274800,169000
May 2006,Guelph,105.2,106.1,102.9,261500,276100,165800
Jun 2006,Guelph,105.7,106.6,100.9,262700,277400,162600
Jul 2006,Guelph,105.7,106.6,102,262700,277400,164400
Aug 2006,Guelph,105.8,106.7,103.1,263000,277700,166100
Sep 2006,Guelph,105.8,106.8,104.2,263000,278000,167900
Oct 2006,Guelph,105.7,107,103.4,262700,278500,166600
Nov 2006,Guelph,105.6,107.3,102.7,262500,279300,165500
Dec 2006,Guelph,105.5,107.6,101.9,262200,280000,164200
Jan 2007,Guelph,106,107.6,101.6,263500,280000,163700
Feb 2007,Guelph,106.5,107.6,101.3,264700,280000,163200
Mar 2007,Guelph,107.1,107.7,101,266200,280300,162800
Apr 2007,Guelph,108.1,109.2,101.5,268700,284200,163600
May 2007,Guelph,109.2,110.7,102,271400,288100,164400
Jun 2007,Guelph,110.3,112.3,102.4,274200,292300,165000
Jul 2007,Guelph,110.6,112.1,104.1,274900,291700,167700
Aug 2007,Guelph,111,111.9,105.7,275900,291200,170300
Sep 2007,Guelph,111.4,111.7,107.4,276900,290700,173100
Oct 2007,Guelph,111,111.9,106.5,275900,291200,171600
Nov 2007,Guelph,110.6,112,105.5,274900,291500,170000
Dec 2007,Guelph,110.2,112.1,104.5,273900,291700,168400
Jan 2008,Guelph,111.2,112.8,104.1,276400,293600,167700
Feb 2008,Guelph,112.3,113.4,103.7,279100,295100,167100
Mar 2008,Guelph,113.4,114,103.3,281900,296700,166500
Apr 2008,Guelph,114.1,114.9,103.9,283600,299000,167400
May 2008,Guelph,114.9,115.8,104.5,285600,301400,168400
Jun 2008,Guelph,115.7,116.6,105.1,287600,303500,169400
Jul 2008,Guelph,115.3,116.3,106.4,286600,302700,171500
Aug 2008,Guelph,114.8,116,107.7,285300,301900,173500
Sep 2008,Guelph,114.4,115.8,109,284400,301400,175600
Oct 2008,Guelph,113.9,114.8,107.9,283100,298800,173900
Nov 2008,Guelph,113.3,113.9,106.9,281600,296400,172300
Dec 2008,Guelph,112.7,113,105.8,280100,294100,170500
Jan 2009,Guelph,112.5,113.4,105.7,279600,295100,170300
Feb 2009,Guelph,112.4,113.8,105.6,279400,296200,170200
Mar 2009,Guelph,112.2,114.2,105.5,278900,297200,170000
Apr 2009,Guelph,112.6,114.5,105.3,279900,298000,169700
May 2009,Guelph,113,114.9,105,280900,299000,169200
Jun 2009,Guelph,113.4,115.2,104.8,281900,299800,168900
Jul 2009,Guelph,113.9,115.5,105.8,283100,300600,170500
Aug 2009,Guelph,114.4,115.7,106.7,284400,301100,171900
Sep 2009,Guelph,115,116,107.7,285800,301900,173500
Oct 2009,Guelph,115.3,116.5,107.6,286600,303200,173400
Nov 2009,Guelph,115.7,117,107.4,287600,304500,173100
Dec 2009,Guelph,116,117.6,107.2,288300,306100,172700
Jan 2010,Guelph,116.9,118.1,107.2,290600,307400,172700
Feb 2010,Guelph,119.4,119.8,107.3,296800,311800,172900
Mar 2010,Guelph,122,121.7,109.2,303200,316700,176000
Apr 2010,Guelph,122.1,123,114.1,303500,320100,183900
May 2010,Guelph,122.4,124.1,113.4,304200,323000,182700
Jun 2010,Guelph,122,124.5,112.2,303200,324000,180800
Jul 2010,Guelph,122.7,125.1,110.2,305000,325600,177600
Aug 2010,Guelph,122.6,124.4,107.8,304700,323800,173700
Sep 2010,Guelph,122.5,122.9,110.5,304500,319900,178100
Oct 2010,Guelph,121.1,121.5,110.6,301000,316200,178200
Nov 2010,Guelph,120.6,121.7,112.5,299800,316700,181300
Dec 2010,Guelph,118.4,119,109.8,294300,309700,176900
Jan 2011,Guelph,118.5,119.4,108.2,294500,310700,174400
Feb 2011,Guelph,121.3,122.7,107.5,301500,319300,173200
Mar 2011,Guelph,123,123.9,109.4,305700,322500,176300
Apr 2011,Guelph,124.2,126.4,111,308700,329000,178900
May 2011,Guelph,123.6,126,110.2,307200,327900,177600
Jun 2011,Guelph,124,126.8,111.8,308200,330000,180200
Jul 2011,Guelph,123.7,125.6,113.2,307500,326900,182400
Aug 2011,Guelph,123.6,124.7,114.1,307200,324500,183900
Sep 2011,Guelph,123.4,124.9,113.4,306700,325100,182700
Oct 2011,Guelph,123.7,125.2,111.7,307500,325800,180000
Nov 2011,Guelph,122.7,124.6,111.2,305000,324300,179200
Dec 2011,Guelph,124,126.6,110.6,308200,329500,178200
Jan 2012,Guelph,124.4,126.3,111.8,309200,328700,180200
Feb 2012,Guelph,126.9,127.8,112.8,315400,332600,181800
Mar 2012,Guelph,127.7,128.6,115.2,317400,334700,185600
Apr 2012,Guelph,128.6,131,116.4,319700,340900,187600
May 2012,Guelph,130.1,133.1,117.8,323400,346400,189800
Jun 2012,Guelph,130.5,134.1,116.1,324400,349000,187100
Jul 2012,Guelph,132.1,134.8,118.4,328400,350800,190800
Aug 2012,Guelph,131.5,133.9,117.6,326900,348500,189500
Sep 2012,Guelph,132,134.3,119.7,328100,349500,192900
Oct 2012,Guelph,131.5,134.7,120.3,326900,350600,193900
Nov 2012,Guelph,132.1,134.6,122.1,328400,350300,196800
Dec 2012,Guelph,130.8,133,121.3,325100,346100,195500
Jan 2013,Guelph,132,134.5,120.8,328100,350000,194700
Feb 2013,Guelph,134.2,137.6,121.4,333600,358100,195600
Mar 2013,Guelph,135.1,138.3,122.9,335800,359900,198000
Apr 2013,Guelph,135.8,137.9,125.6,337500,358900,202400
May 2013,Guelph,136.7,139.7,126.4,339800,363600,203700
Jun 2013,Guelph,137.4,140.9,125.7,341500,366700,202600
Jul 2013,Guelph,136.9,140.5,123.5,340300,365700,199000
Aug 2013,Guelph,136.5,139.8,121.5,339300,363800,195800
Sep 2013,Guelph,137,140.3,125,340500,365100,201400
Oct 2013,Guelph,138.9,143.7,126.3,345300,374000,203500
Nov 2013,Guelph,139.4,142.8,130.1,346500,371600,209600
Dec 2013,Guelph,136.9,140.1,123.9,340300,364600,199700
Jan 2014,Guelph,137.3,138.4,130,341300,360200,209500
Feb 2014,Guelph,138,141.1,125,343000,367200,201400
Mar 2014,Guelph,141.9,144.8,130.6,352700,376800,210500
Apr 2014,Guelph,143.4,145.1,132.2,356400,377600,213000
May 2014,Guelph,144.2,146.5,130.4,358400,381300,210100
Jun 2014,Guelph,143.6,147,128.5,356900,382600,207100
Jul 2014,Guelph,143.8,147.4,128.3,357400,383600,206700
Aug 2014,Guelph,144.8,148.3,130.5,359900,386000,210300
Sep 2014,Guelph,145.2,147.9,130.6,360900,384900,210500
Oct 2014,Guelph,144.9,146.5,133.1,360200,381300,214500
Nov 2014,Guelph,145,146.8,130.3,360400,382100,210000
Dec 2014,Guelph,144.7,145.1,135.5,359700,377600,218300
Jan 2015,Guelph,145.1,146.8,136,360700,382100,219200
Feb 2015,Guelph,148.3,151.1,139.2,368600,393200,224300
Mar 2015,Guelph,150.8,153.8,142.2,374800,400300,229100
Apr 2015,Guelph,152.5,156.5,137.6,379100,407300,221700
May 2015,Guelph,152.3,156.2,136,378600,406500,219200
Jun 2015,Guelph,153.1,158.1,134.4,380500,411500,216600
Jul 2015,Guelph,153.4,157.7,135.5,381300,410400,218300
Aug 2015,Guelph,153.5,158.2,135.7,381500,411700,218700
Sep 2015,Guelph,152.2,156.5,132.9,378300,407300,214200
Oct 2015,Guelph,151.2,155.2,134.6,375800,403900,216900
Nov 2015,Guelph,151,155,136.4,375300,403400,219800
Dec 2015,Guelph,152.9,156.5,140.4,380100,407300,226200
Jan 2016,Guelph,154.2,159.6,137.7,383300,415400,221900
Feb 2016,Guelph,155.9,161.8,138.9,387500,421100,223800
Mar 2016,Guelph,158,163.7,140.6,392700,426000,226600
Apr 2016,Guelph,159.4,165.5,143.4,396200,430700,231100
May 2016,Guelph,162.2,169.2,143.5,403200,440400,231200
Jun 2016,Guelph,164.4,171.1,144.6,408600,445300,233000
Jul 2016,Guelph,165.8,173.7,144.5,412100,452100,232800
Aug 2016,Guelph,168.5,176.3,146.9,418800,458800,236700
Sep 2016,Guelph,170.6,178.7,145,424000,465100,233700
Oct 2016,Guelph,172.8,180.7,145.5,429500,470300,234500
Nov 2016,Guelph,173.9,180.8,145.3,432200,470500,234100
Dec 2016,Guelph,176.5,184,148.8,438700,478900,239800
Jan 2017,Guelph,178.4,186.4,150.2,443400,485100,242000
Feb 2017,Guelph,185,193,153.8,459800,502300,247800
Mar 2017,Guelph,192.1,201.6,157.2,477500,524700,253300
Apr 2017,Guelph,199.5,208.9,163.8,495900,543700,263900
May 2017,Guelph,204,210.6,172.6,507100,548100,278100
Jun 2017,Guelph,204.1,211.7,175.5,507300,551000,282800
Jul 2017,Guelph,202.3,209.2,177.3,502800,544500,285700
Aug 2017,Guelph,197.1,203.9,172.4,489900,530700,277800
Sep 2017,Guelph,196,200.2,173.9,487200,521000,280200
Oct 2017,Guelph,195.3,197.1,174.3,485400,513000,280900
Nov 2017,Guelph,197,199,178.8,489700,517900,288100
Dec 2017,Guelph,199.9,200.5,183,496900,521800,294900
Jan 2018,Guelph,198.5,200,181.7,493400,520500,292800
Feb 2018,Guelph,200.4,202.6,179,498100,527300,288400
Mar 2018,Guelph,204,207.2,180.5,507100,539200,290900
Apr 2018,Guelph,207.9,210.9,183.6,516800,548900,295900
May 2018,Guelph,209.6,212.3,189.3,521000,552500,305000
Jun 2018,Guelph,208.6,212.3,187.8,518500,552500,302600
Jul 2018,Guelph,209.2,213.3,191.9,520000,555100,309200
Aug 2018,Guelph,208.2,211.4,194,517500,550200,312600
Sep 2018,Guelph,210.9,214.9,196.1,524200,559300,316000
Oct 2018,Guelph,211.6,215.6,192.8,526000,561100,310700
Nov 2018,Guelph,212.5,215.5,191.8,528200,560800,309100
Dec 2018,Guelph,211,212.7,192.1,524500,553600,309600
Jan 2019,Guelph,210.9,213.2,192.1,524200,554900,309600
Feb 2019,Guelph,211.5,213.6,186.3,525700,555900,300200
Mar 2019,Guelph,215.9,219.3,188,536600,570700,302900
Apr 2019,Guelph,219.3,223.5,194.4,545100,581700,313300
May 2019,Guelph,220.4,225.7,197.6,547800,587400,318400
Jun 2019,Guelph,221.7,226.4,200.9,551100,589200,323700
Jul 2019,Guelph,221.1,225.8,200.6,549600,587700,323200
Aug 2019,Guelph,221.2,224.2,204.7,549800,583500,329900
Sep 2019,Guelph,221.8,225.2,205.6,551300,586100,331300
Oct 2019,Guelph,225.6,226.4,209.8,560800,589200,338100
Nov 2019,Guelph,226,226.5,213.3,561800,589500,343700
Dec 2019,Guelph,226.1,226.4,209,562000,589200,336800
Jan 2020,Guelph,228.4,228.8,212.7,567700,595500,342700
Feb 2020,Guelph,233.9,233.3,214.6,581400,607200,345800
Mar 2020,Guelph,239,236.9,222.9,594100,616500,359200
Apr 2020,Guelph,239.7,238.5,222.1,595800,620700,357900
May 2020,Guelph,238.2,237.5,227.3,592100,618100,366300
Jan 2005,Hamilton_Burlington,100,100,100,225300,244300,155900
Feb 2005,Hamilton_Burlington,99.6,99.4,102.6,224400,242800,160000
Mar 2005,Hamilton_Burlington,101.5,101.5,103.6,228700,247900,161500
Apr 2005,Hamilton_Burlington,102.2,102.9,103.8,230300,251400,161800
May 2005,Hamilton_Burlington,102.4,103,105.7,230700,251600,164800
Jun 2005,Hamilton_Burlington,102.9,103.9,105.2,231900,253800,164000
Jul 2005,Hamilton_Burlington,103.3,103.8,105.2,232800,253600,164000
Aug 2005,Hamilton_Burlington,103.6,103.6,104.5,233500,253100,162900
Sep 2005,Hamilton_Burlington,103.8,104.6,107,233900,255500,166800
Oct 2005,Hamilton_Burlington,104.2,105,103.4,234800,256500,161200
Nov 2005,Hamilton_Burlington,103.9,103.8,104.6,234100,253600,163100
Dec 2005,Hamilton_Burlington,103.8,104.1,106.2,233900,254300,165600
Jan 2006,Hamilton_Burlington,105.3,106.5,105.7,237300,260100,164800
Feb 2006,Hamilton_Burlington,106,105.8,107,238900,258400,166800
Mar 2006,Hamilton_Burlington,107.3,107.6,108.3,241800,262800,168800
Apr 2006,Hamilton_Burlington,108.4,109.2,107.5,244300,266700,167600
May 2006,Hamilton_Burlington,109.7,110.8,109,247200,270700,169900
Jun 2006,Hamilton_Burlington,110.3,111.4,109.1,248500,272100,170100
Jul 2006,Hamilton_Burlington,109.3,110,108.1,246300,268700,168500
Aug 2006,Hamilton_Burlington,109.1,109.9,106.4,245800,268500,165900
Sep 2006,Hamilton_Burlington,110.6,111.5,110.1,249200,272400,171700
Oct 2006,Hamilton_Burlington,109.1,109.3,110.4,245800,267000,172100
Nov 2006,Hamilton_Burlington,110,110.7,109.5,247900,270400,170700
Dec 2006,Hamilton_Burlington,109.7,110.2,112.7,247200,269200,175700
Jan 2007,Hamilton_Burlington,110.8,111,110.3,249700,271100,172000
Feb 2007,Hamilton_Burlington,112.6,113.6,113.1,253700,277500,176300
Mar 2007,Hamilton_Burlington,112.7,113.6,111.9,254000,277500,174500
Apr 2007,Hamilton_Burlington,113.5,115,110.6,255800,280900,172400
May 2007,Hamilton_Burlington,116.1,117.4,116.4,261600,286800,181500
Jun 2007,Hamilton_Burlington,115.9,116.7,118.6,261200,285100,184900
Jul 2007,Hamilton_Burlington,116.5,117.1,119.2,262500,286000,185800
Aug 2007,Hamilton_Burlington,116.7,116.7,119.6,263000,285100,186500
Sep 2007,Hamilton_Burlington,116.7,117.4,119.7,263000,286800,186600
Oct 2007,Hamilton_Burlington,117.1,117.7,119.7,263900,287500,186600
Nov 2007,Hamilton_Burlington,115.6,116,120.3,260500,283400,187600
Dec 2007,Hamilton_Burlington,116.1,117.3,114.3,261600,286500,178200
Jan 2008,Hamilton_Burlington,117.9,118.1,119.9,265700,288500,186900
Feb 2008,Hamilton_Burlington,119.4,121.2,120.6,269100,296100,188000
Mar 2008,Hamilton_Burlington,119.8,120.9,119.3,270000,295300,186000
Apr 2008,Hamilton_Burlington,120.5,121.4,121.2,271500,296500,189000
May 2008,Hamilton_Burlington,121.4,123,120.8,273600,300500,188300
Jun 2008,Hamilton_Burlington,121.5,122.6,123,273800,299500,191800
Jul 2008,Hamilton_Burlington,120.2,120.8,123.5,270900,295100,192500
Aug 2008,Hamilton_Burlington,120.5,121.9,123.2,271500,297800,192100
Sep 2008,Hamilton_Burlington,120.5,121.6,119.3,271500,297000,186000
Oct 2008,Hamilton_Burlington,119.8,119.8,122.6,270000,292600,191100
Nov 2008,Hamilton_Burlington,117.1,118.3,119.6,263900,289000,186500
Dec 2008,Hamilton_Burlington,114.6,115.2,115.2,258200,281400,179600
Jan 2009,Hamilton_Burlington,114.5,114.9,116.9,258000,280700,182300
Feb 2009,Hamilton_Burlington,115.9,116.8,119.5,261200,285300,186300
Mar 2009,Hamilton_Burlington,116.9,118.7,116.8,263400,289900,182100
Apr 2009,Hamilton_Burlington,117.6,119.3,117.1,265000,291400,182600
May 2009,Hamilton_Burlington,118.1,119.3,120.5,266100,291400,187900
Jun 2009,Hamilton_Burlington,119.4,121.2,118.5,269100,296100,184700
Jul 2009,Hamilton_Burlington,119.7,121.2,123.7,269700,296100,192900
Aug 2009,Hamilton_Burlington,121.1,122.2,123.5,272900,298500,192500
Sep 2009,Hamilton_Burlington,121.8,124.3,122.4,274500,303600,190800
Oct 2009,Hamilton_Burlington,123,125,119.8,277200,305300,186800
Nov 2009,Hamilton_Burlington,124.2,125.9,126.2,279900,307500,196800
Dec 2009,Hamilton_Burlington,124.7,125,127.6,281000,305300,198900
Jan 2010,Hamilton_Burlington,123.4,123.7,126,278100,302200,196400
Feb 2010,Hamilton_Burlington,126.3,128.7,129.3,284600,314400,201600
Mar 2010,Hamilton_Burlington,127.8,129.5,127.7,288000,316300,199100
Apr 2010,Hamilton_Burlington,129,130.5,128.4,290700,318800,200200
May 2010,Hamilton_Burlington,129.7,131.5,134.3,292300,321200,209400
Jun 2010,Hamilton_Burlington,128.5,129.9,133,289600,317300,207400
Jul 2010,Hamilton_Burlington,129.2,131.7,128.8,291100,321700,200800
Aug 2010,Hamilton_Burlington,127.7,128.9,129.1,287800,314900,201300
Sep 2010,Hamilton_Burlington,127.9,128.9,126.5,288200,314900,197200
Oct 2010,Hamilton_Burlington,128.3,130.3,130.3,289100,318300,203100
Nov 2010,Hamilton_Burlington,129,130.7,129.7,290700,319300,202200
Dec 2010,Hamilton_Burlington,127.9,128.5,133.8,288200,313900,208600
Jan 2011,Hamilton_Burlington,126.9,129.3,127.7,286000,315800,199100
Feb 2011,Hamilton_Burlington,128.6,129.8,136.6,289800,317100,213000
Mar 2011,Hamilton_Burlington,131.6,133.8,131.1,296500,326800,204400
Apr 2011,Hamilton_Burlington,132.2,134.4,133.8,297900,328300,208600
May 2011,Hamilton_Burlington,132.6,134.7,135,298800,329000,210500
Jun 2011,Hamilton_Burlington,133.3,134.2,137.8,300400,327800,214800
Jul 2011,Hamilton_Burlington,135,136.1,142.5,304200,332500,222200
Aug 2011,Hamilton_Burlington,136.1,137.5,142.9,306700,335900,222800
Sep 2011,Hamilton_Burlington,135,136.8,137,304200,334200,213600
Oct 2011,Hamilton_Burlington,134.4,136,139.1,302900,332200,216900
Nov 2011,Hamilton_Burlington,134.4,136.2,137,302900,332700,213600
Dec 2011,Hamilton_Burlington,135.6,137.2,141.3,305600,335100,220300
Jan 2012,Hamilton_Burlington,136.7,138.5,143.2,308000,338300,223300
Feb 2012,Hamilton_Burlington,138.2,140.8,140.6,311400,343900,219200
Mar 2012,Hamilton_Burlington,140.5,143,141.2,316600,349300,220100
Apr 2012,Hamilton_Burlington,141.7,145.1,138.2,319300,354400,215500
May 2012,Hamilton_Burlington,143.9,146,144.7,324300,356600,225600
Jun 2012,Hamilton_Burlington,143.3,145.9,144.3,322900,356400,225000
Jul 2012,Hamilton_Burlington,143.9,147.3,145.1,324300,359800,226200
Aug 2012,Hamilton_Burlington,144.5,147.2,145.5,325600,359600,226800
Sep 2012,Hamilton_Burlington,143.1,144.5,150.5,322500,353000,234600
Oct 2012,Hamilton_Burlington,144.7,148.7,148.8,326100,363200,232000
Nov 2012,Hamilton_Burlington,142.5,144.1,149.3,321100,352000,232800
Dec 2012,Hamilton_Burlington,144.8,147.1,155.1,326300,359300,241800
Jan 2013,Hamilton_Burlington,146,149.3,151.1,329000,364700,235600
Feb 2013,Hamilton_Burlington,146.7,150.5,145.6,330600,367600,227000
Mar 2013,Hamilton_Burlington,148.9,152.1,146.4,335500,371500,228200
Apr 2013,Hamilton_Burlington,149.1,151.9,153.7,336000,371000,239600
May 2013,Hamilton_Burlington,151.9,153.3,157,342300,374500,244800
Jun 2013,Hamilton_Burlington,151.9,153.7,156,342300,375400,243200
Jul 2013,Hamilton_Burlington,152.1,154.2,158.5,342700,376700,247100
Aug 2013,Hamilton_Burlington,152.5,155.1,161.4,343600,378900,251600
Sep 2013,Hamilton_Burlington,152.8,155.2,161.5,344300,379100,251800
Oct 2013,Hamilton_Burlington,152.4,154.6,155.4,343400,377600,242300
Nov 2013,Hamilton_Burlington,152.3,155.1,153,343200,378900,238500
Dec 2013,Hamilton_Burlington,152.7,156.1,153.6,344100,381300,239500
Jan 2014,Hamilton_Burlington,153,156.2,155.2,344800,381500,242000
Feb 2014,Hamilton_Burlington,158.7,163.8,158.3,357600,400100,246800
Mar 2014,Hamilton_Burlington,159.5,163.2,159.2,359400,398600,248200
Apr 2014,Hamilton_Burlington,161.7,166,160,364400,405500,249400
May 2014,Hamilton_Burlington,162.3,166.6,157.8,365700,407000,246000
Jun 2014,Hamilton_Burlington,164,169.3,162.6,369600,413500,253500
Jul 2014,Hamilton_Burlington,164.1,168.2,164.4,369800,410900,256300
Aug 2014,Hamilton_Burlington,164.2,169,158.2,370000,412800,246600
Sep 2014,Hamilton_Burlington,165.9,170,166.5,373800,415300,259600
Oct 2014,Hamilton_Burlington,164.9,168,168.8,371600,410400,263200
Nov 2014,Hamilton_Burlington,165.9,169.8,164.6,373800,414800,256600
Dec 2014,Hamilton_Burlington,164.3,168.1,159.1,370200,410600,248000
Jan 2015,Hamilton_Burlington,168.9,173.5,161.8,380600,423800,252300
Feb 2015,Hamilton_Burlington,171.4,175.8,164.5,386200,429400,256500
Mar 2015,Hamilton_Burlington,175.5,181.3,166.7,395500,442900,259900
Apr 2015,Hamilton_Burlington,177.2,181.3,176.4,399300,442900,275000
May 2015,Hamilton_Burlington,178.6,185.2,169.2,402500,452400,263800
Jun 2015,Hamilton_Burlington,181.2,186.8,168.6,408300,456300,262900
Jul 2015,Hamilton_Burlington,180.9,185.5,177.7,407600,453100,277000
Aug 2015,Hamilton_Burlington,183.4,188.8,173.4,413300,461200,270300
Sep 2015,Hamilton_Burlington,182.8,187.9,174.1,411900,459000,271400
Oct 2015,Hamilton_Burlington,183.1,187.3,176.4,412600,457500,275000
Nov 2015,Hamilton_Burlington,184.4,189.5,182.2,415500,462900,284100
Dec 2015,Hamilton_Burlington,186.5,190.8,182.4,420300,466100,284400
Jan 2016,Hamilton_Burlington,189.6,196.1,176.8,427200,479000,275600
Feb 2016,Hamilton_Burlington,192.6,198.7,181.1,434000,485400,282300
Mar 2016,Hamilton_Burlington,199.9,206.8,193.1,450500,505200,301100
Apr 2016,Hamilton_Burlington,203.3,210.2,189.9,458100,513500,296100
May 2016,Hamilton_Burlington,208,215.3,188,468700,525900,293100
Jun 2016,Hamilton_Burlington,212,218.9,195.2,477700,534700,304300
Jul 2016,Hamilton_Burlington,213.3,221.7,188.8,480600,541500,294300
Aug 2016,Hamilton_Burlington,214.1,220.8,199.7,482400,539300,311300
Sep 2016,Hamilton_Burlington,218.7,228,196.7,492800,556900,306700
Oct 2016,Hamilton_Burlington,218.4,226.5,200.9,492100,553300,313200
Nov 2016,Hamilton_Burlington,220.6,228.2,204,497100,557400,318000
Dec 2016,Hamilton_Burlington,221.1,229.9,198.5,498200,561600,309500
Jan 2017,Hamilton_Burlington,230.4,242.5,210.5,519200,592400,328200
Feb 2017,Hamilton_Burlington,240.5,253.1,213.5,541900,618200,332900
Mar 2017,Hamilton_Burlington,253.7,267.3,221.1,571700,652900,344700
Apr 2017,Hamilton_Burlington,261.8,274.2,244.9,589900,669800,381800
May 2017,Hamilton_Burlington,256.8,265.7,247.1,578700,649000,385200
Jun 2017,Hamilton_Burlington,250.8,258,252.9,565100,630200,394300
Jul 2017,Hamilton_Burlington,243.5,248.4,243.4,548700,606800,379500
Aug 2017,Hamilton_Burlington,239.6,244.1,238.6,539900,596300,372000
Sep 2017,Hamilton_Burlington,241,247.8,239.4,543100,605300,373200
Oct 2017,Hamilton_Burlington,241.3,246.2,247.9,543700,601400,386500
Nov 2017,Hamilton_Burlington,243.2,253.4,236.3,548000,619000,368400
Dec 2017,Hamilton_Burlington,243.7,252.9,239.4,549100,617800,373200
Jan 2018,Hamilton_Burlington,246.3,252.5,244.9,555000,616800,381800
Feb 2018,Hamilton_Burlington,248.3,257.4,234.3,559500,628800,365300
Mar 2018,Hamilton_Burlington,253.2,262.6,241.6,570600,641500,376700
Apr 2018,Hamilton_Burlington,254.1,262.5,245.7,572600,641200,383100
May 2018,Hamilton_Burlington,258.9,268.2,254.9,583400,655100,397400
Jun 2018,Hamilton_Burlington,255.9,265.8,254,576600,649300,396000
Jul 2018,Hamilton_Burlington,257.3,267.3,263,579800,652900,410000
Aug 2018,Hamilton_Burlington,256.2,263.8,266.4,577300,644400,415300
Sep 2018,Hamilton_Burlington,255.5,264.9,263.5,575700,647100,410800
Oct 2018,Hamilton_Burlington,257.5,264.7,263,580200,646600,410000
Nov 2018,Hamilton_Burlington,258.7,266.4,258.7,582900,650700,403300
Dec 2018,Hamilton_Burlington,259.7,269.8,252.6,585200,659000,393800
Jan 2019,Hamilton_Burlington,258.8,268.8,253,583200,656600,394400
Feb 2019,Hamilton_Burlington,260.4,269.5,259,586800,658300,403800
Mar 2019,Hamilton_Burlington,263.2,271.5,261.4,593100,663200,407500
Apr 2019,Hamilton_Burlington,268.2,279.3,263.9,604400,682200,411400
May 2019,Hamilton_Burlington,267.8,275.8,262.6,603500,673700,409400
Jun 2019,Hamilton_Burlington,269.9,279.7,267.7,608200,683200,417400
Jul 2019,Hamilton_Burlington,270.1,280,272.9,608600,684000,425500
Aug 2019,Hamilton_Burlington,273,281.8,281.7,615200,688400,439200
Sep 2019,Hamilton_Burlington,274.2,282.3,287.4,617900,689600,448100
Oct 2019,Hamilton_Burlington,276.7,285.7,281.4,623500,697900,438700
Nov 2019,Hamilton_Burlington,278.3,289.6,277.2,627100,707400,432200
Dec 2019,Hamilton_Burlington,276.1,284.1,285.1,622200,694000,444500
Jan 2020,Hamilton_Burlington,279.5,288.6,294,629800,705000,458400
Feb 2020,Hamilton_Burlington,284.5,294.7,297.8,641100,719900,464300
Mar 2020,Hamilton_Burlington,289.9,299.1,304.1,653300,730600,474100
Apr 2020,Hamilton_Burlington,289.4,296.3,313,652100,723800,488000
May 2020,Hamilton_Burlington,292.8,302.2,307.4,659800,738200,479300
Jan 2005,Niagara_Region,100,100,100,172600,184000,135400
Feb 2005,Niagara_Region,100,100.6,101.3,172600,185100,137100
Mar 2005,Niagara_Region,101.1,101.2,102.7,174500,186200,139000
Apr 2005,Niagara_Region,101.9,101.9,104.1,175900,187500,140900
May 2005,Niagara_Region,102.7,102.5,105.5,177300,188600,142800
Jun 2005,Niagara_Region,103.1,103.2,106.9,178000,189800,144700
Jul 2005,Niagara_Region,103.7,103.6,106.1,179000,190600,143600
Aug 2005,Niagara_Region,103.6,104.1,105.5,178800,191500,142800
Sep 2005,Niagara_Region,104.8,104.5,104.7,180900,192200,141700
Oct 2005,Niagara_Region,103.9,104.2,105.9,179400,191700,143400
Nov 2005,Niagara_Region,104.3,103.8,107,180000,190900,144900
Dec 2005,Niagara_Region,103.8,103.4,108.2,179200,190200,146500
Jan 2006,Niagara_Region,104.2,104.2,107.8,179900,191700,145900
Feb 2006,Niagara_Region,105.7,105.1,107.5,182500,193300,145500
Mar 2006,Niagara_Region,106.1,106,107.1,183100,195000,145000
Apr 2006,Niagara_Region,107.5,107.2,107.6,185600,197200,145700
May 2006,Niagara_Region,108.4,108.5,108.1,187100,199600,146400
Jun 2006,Niagara_Region,108.8,109.8,108.6,187800,202000,147000
Jul 2006,Niagara_Region,109,109.8,108.3,188200,202000,146600
Aug 2006,Niagara_Region,109.5,109.8,107.9,189000,202000,146100
Sep 2006,Niagara_Region,109,109.7,107.5,188200,201800,145500
Oct 2006,Niagara_Region,108.5,109.2,106.8,187300,200900,144600
Nov 2006,Niagara_Region,108.2,108.8,106.1,186800,200100,143600
Dec 2006,Niagara_Region,108.4,108.4,105.4,187100,199400,142700
Jan 2007,Niagara_Region,108.5,109.3,105,187300,201100,142200
Feb 2007,Niagara_Region,109.8,110.2,104.6,189500,202700,141600
Mar 2007,Niagara_Region,110.5,111.2,104.3,190700,204600,141200
Apr 2007,Niagara_Region,112.1,112.1,105.4,193500,206200,142700
May 2007,Niagara_Region,112.6,113.1,106.6,194400,208100,144300
Jun 2007,Niagara_Region,113.5,114,107.8,195900,209700,145900
Jul 2007,Niagara_Region,113.9,114.9,107.8,196600,211400,145900
Aug 2007,Niagara_Region,114.4,115.8,107.9,197500,213000,146100
Sep 2007,Niagara_Region,115,116.7,107.9,198500,214700,146100
Oct 2007,Niagara_Region,114.6,115.9,108.6,197800,213200,147000
Nov 2007,Niagara_Region,114.4,115.1,109.3,197500,211700,148000
Dec 2007,Niagara_Region,114,114.3,110,196800,210300,148900
Jan 2008,Niagara_Region,113.3,114.5,110.5,195600,210600,149600
Feb 2008,Niagara_Region,114.2,114.7,110.9,197100,211000,150100
Mar 2008,Niagara_Region,115.3,114.8,111.4,199000,211200,150800
Apr 2008,Niagara_Region,115.1,115.4,112,198700,212300,151600
May 2008,Niagara_Region,115.5,116,112.5,199400,213400,152300
Jun 2008,Niagara_Region,116.1,116.5,113.1,200400,214300,153100
Jul 2008,Niagara_Region,116.4,116.8,113.1,200900,214900,153100
Aug 2008,Niagara_Region,116.4,117.1,113.2,200900,215400,153300
Sep 2008,Niagara_Region,116.8,117.4,113.1,201600,216000,153100
Oct 2008,Niagara_Region,114.7,116.6,113.1,198000,214500,153100
Nov 2008,Niagara_Region,113.8,115.7,112.9,196400,212800,152800
Dec 2008,Niagara_Region,113.3,114.8,112.8,195600,211200,152700
Jan 2009,Niagara_Region,112.4,113.3,111.8,194000,208400,151400
Feb 2009,Niagara_Region,113,111.7,110.7,195100,205500,149900
Mar 2009,Niagara_Region,111.2,110.2,109.6,192000,202700,148400
Apr 2009,Niagara_Region,112.3,111.2,111.9,193900,204600,151500
May 2009,Niagara_Region,113.2,112.2,114.3,195400,206400,154700
Jun 2009,Niagara_Region,113.9,113.3,116.8,196600,208400,158100
Jul 2009,Niagara_Region,115,114.6,115.6,198500,210800,156500
Aug 2009,Niagara_Region,115.3,115.9,114.5,199000,213200,155000
Sep 2009,Niagara_Region,116,117.2,113.3,200200,215600,153400
Oct 2009,Niagara_Region,116.1,117,113.3,200400,215200,153400
Nov 2009,Niagara_Region,116,117,113.4,200200,215200,153500
Dec 2009,Niagara_Region,115.4,116.9,113.4,199200,215000,153500
Jan 2010,Niagara_Region,115.9,117,111.1,200100,215200,150400
Feb 2010,Niagara_Region,115.9,116.3,107.2,200100,213900,145100
Mar 2010,Niagara_Region,117.2,117.9,108.3,202300,216900,146600
Apr 2010,Niagara_Region,118.7,118.9,106.7,204900,218700,144500
May 2010,Niagara_Region,120.1,121.4,111.6,207300,223300,151100
Jun 2010,Niagara_Region,119.8,120.7,113.5,206800,222000,153700
Jul 2010,Niagara_Region,118.8,120.3,111.7,205100,221300,151200
Aug 2010,Niagara_Region,119,119.9,109.4,205400,220600,148100
Sep 2010,Niagara_Region,118.6,118.6,110.9,204700,218200,150100
Oct 2010,Niagara_Region,118.5,118.4,114.3,204600,217800,154700
Nov 2010,Niagara_Region,117.4,116.3,115.5,202700,213900,156400
Dec 2010,Niagara_Region,117.7,117.3,113,203200,215800,153000
Jan 2011,Niagara_Region,117,116.3,111,202000,213900,150300
Feb 2011,Niagara_Region,118.7,119.4,115.1,204900,219600,155800
Mar 2011,Niagara_Region,119.7,119.4,116.9,206600,219600,158300
Apr 2011,Niagara_Region,121.5,121.7,119,209700,223900,161100
May 2011,Niagara_Region,121.2,120.6,114.4,209200,221900,154900
Jun 2011,Niagara_Region,121.9,121.9,112.1,210400,224200,151800
Jul 2011,Niagara_Region,122.6,123.6,111.8,211600,227400,151400
Aug 2011,Niagara_Region,122.9,124.5,114.3,212100,229000,154700
Sep 2011,Niagara_Region,121.5,123,117.4,209700,226300,158900
Oct 2011,Niagara_Region,120.3,121,112.1,207700,222600,151800
Nov 2011,Niagara_Region,121.3,121.4,112.9,209400,223300,152800
Dec 2011,Niagara_Region,121.1,120.9,111.4,209000,222400,150800
Jan 2012,Niagara_Region,121,121.2,109.7,208900,223000,148500
Feb 2012,Niagara_Region,121.1,121.4,107.4,209000,223300,145400
Mar 2012,Niagara_Region,121.7,121.1,111,210100,222800,150300
Apr 2012,Niagara_Region,123.4,122.4,111.7,213000,225200,151200
May 2012,Niagara_Region,124.2,122.4,112.5,214400,225200,152300
Jun 2012,Niagara_Region,124.3,123.4,117.4,214600,227000,158900
Jul 2012,Niagara_Region,124.8,124,114.5,215400,228100,155000
Aug 2012,Niagara_Region,124.3,123.1,116.7,214600,226500,158000
Sep 2012,Niagara_Region,123.7,123.4,110.5,213500,227000,149600
Oct 2012,Niagara_Region,124.1,122.5,114.7,214200,225300,155300
Nov 2012,Niagara_Region,123.2,121.6,114.7,212700,223700,155300
Dec 2012,Niagara_Region,123.3,121.9,119.4,212800,224200,161600
Jan 2013,Niagara_Region,122.3,122,117.8,211100,224400,159500
Feb 2013,Niagara_Region,123.3,122.1,116.2,212800,224600,157300
Mar 2013,Niagara_Region,125.3,124.5,126.8,216300,229000,171700
Apr 2013,Niagara_Region,126.7,126.2,125.9,218700,232200,170400
May 2013,Niagara_Region,127.4,126.2,120.5,219900,232200,163100
Jun 2013,Niagara_Region,128.5,127.8,118.9,221800,235100,161000
Jul 2013,Niagara_Region,128.4,127.4,118.4,221600,234400,160300
Aug 2013,Niagara_Region,128.1,128,120,221100,235500,162500
Sep 2013,Niagara_Region,127.1,126.1,117.5,219400,232000,159100
Oct 2013,Niagara_Region,127.6,126.1,120.9,220300,232000,163700
Nov 2013,Niagara_Region,127.1,125.4,122.2,219400,230700,165400
Dec 2013,Niagara_Region,128,125.5,120.4,221000,230900,163000
Jan 2014,Niagara_Region,128.2,125.6,118.1,221300,231100,159900
Feb 2014,Niagara_Region,129.5,125.4,118.5,223500,230700,160400
Mar 2014,Niagara_Region,130.7,127.3,122.9,225600,234200,166400
Apr 2014,Niagara_Region,132.2,130.3,124.2,228200,239700,168100
May 2014,Niagara_Region,133,132.6,123.4,229600,243900,167100
Jun 2014,Niagara_Region,133.9,133.1,119.7,231100,244800,162100
Jul 2014,Niagara_Region,133.5,133.5,115.5,230400,245600,156400
Aug 2014,Niagara_Region,133.6,132.9,121.5,230600,244500,164500
Sep 2014,Niagara_Region,133.2,131.7,126.4,229900,242300,171100
Oct 2014,Niagara_Region,132.9,132,127.2,229400,242800,172200
Nov 2014,Niagara_Region,133.5,132.7,126.7,230400,244100,171500
Dec 2014,Niagara_Region,133.7,133.3,126.3,230800,245200,171000
Jan 2015,Niagara_Region,133.9,134.1,125,231100,246700,169200
Feb 2015,Niagara_Region,135.5,133.1,127.5,233900,244800,172600
Mar 2015,Niagara_Region,136.4,135.5,127.2,235500,249300,172200
Apr 2015,Niagara_Region,139,138.6,130.8,239900,255000,177100
May 2015,Niagara_Region,141.4,141.5,131.2,244100,260300,177600
Jun 2015,Niagara_Region,142.8,142.1,129.5,246500,261400,175300
Jul 2015,Niagara_Region,142.8,142.3,134.2,246500,261800,181700
Aug 2015,Niagara_Region,143.5,142.5,139.8,247700,262100,189300
Sep 2015,Niagara_Region,144.6,143.4,142,249600,263800,192200
Oct 2015,Niagara_Region,145.5,145.7,139,251200,268000,188200
Nov 2015,Niagara_Region,146.4,147.8,134.1,252700,271900,181500
Dec 2015,Niagara_Region,145.7,146.9,131.5,251500,270200,178000
Jan 2016,Niagara_Region,147.6,147.4,133.7,254800,271200,181000
Feb 2016,Niagara_Region,149.3,151.8,134.1,257700,279200,181500
Mar 2016,Niagara_Region,152.3,153.5,137,262900,282400,185500
Apr 2016,Niagara_Region,156.6,156,138.1,270300,287000,187000
May 2016,Niagara_Region,161.4,159.7,139.7,278600,293800,189100
Jun 2016,Niagara_Region,164.2,162.9,141.9,283400,299700,192100
Jul 2016,Niagara_Region,167.7,165.8,141.1,289500,305000,191000
Aug 2016,Niagara_Region,171,170.1,144.4,295200,312900,195500
Sep 2016,Niagara_Region,174,174.3,147.9,300400,320600,200200
Oct 2016,Niagara_Region,177.7,178.5,150.8,306700,328400,204200
Nov 2016,Niagara_Region,179.8,180.6,155.6,310400,332200,210700
Dec 2016,Niagara_Region,182.8,183.4,164.5,315500,337400,222700
Jan 2017,Niagara_Region,185.8,185.5,171.7,320700,341200,232500
Feb 2017,Niagara_Region,192.9,193.3,173,333000,355600,234200
Mar 2017,Niagara_Region,206,202.3,180.3,355600,372100,244100
Apr 2017,Niagara_Region,213,212.8,183,367700,391500,247800
May 2017,Niagara_Region,219.5,218.2,192.2,378900,401400,260200
Jun 2017,Niagara_Region,221.2,222.5,197.3,381800,409300,267100
Jul 2017,Niagara_Region,217.4,218.7,203.1,375300,402300,275000
Aug 2017,Niagara_Region,214,214.5,208.3,369400,394600,282000
Sep 2017,Niagara_Region,213.8,211.9,216.5,369100,389800,293100
Oct 2017,Niagara_Region,213.4,212.4,213.5,368400,390700,289000
Nov 2017,Niagara_Region,213.7,211.3,217.5,368900,388700,294500
Dec 2017,Niagara_Region,214.3,210.9,198.8,369900,388000,269100
Jan 2018,Niagara_Region,213.8,211.3,201.6,369100,388700,272900
Feb 2018,Niagara_Region,216.3,217.9,193,373400,400800,261300
Mar 2018,Niagara_Region,220.3,220.5,197.7,380300,405600,267700
Apr 2018,Niagara_Region,222.4,224.9,203.7,383900,413700,275800
May 2018,Niagara_Region,226.3,226.1,209.8,390600,415900,284000
Jun 2018,Niagara_Region,225.8,223.6,211.7,389800,411300,286600
Jul 2018,Niagara_Region,227.7,227.2,213.9,393100,418000,289600
Aug 2018,Niagara_Region,226.9,228.4,213.8,391700,420200,289500
Sep 2018,Niagara_Region,226.3,225.3,206.4,390600,414500,279400
Oct 2018,Niagara_Region,227.9,225.2,213.7,393400,414300,289300
Nov 2018,Niagara_Region,229.2,227.3,216,395600,418100,292400
Dec 2018,Niagara_Region,229.6,228.8,227.3,396300,420900,307700
Jan 2019,Niagara_Region,229.6,226.1,225.4,396300,415900,305200
Feb 2019,Niagara_Region,230.7,229.9,226.2,398200,422900,306200
Mar 2019,Niagara_Region,233.9,232.9,225.3,403800,428400,305000
Apr 2019,Niagara_Region,234.9,233.8,221.4,405500,430100,299700
May 2019,Niagara_Region,238.1,235.3,223.3,411000,432900,302300
Jun 2019,Niagara_Region,241,237.7,224.6,416000,437300,304100
Jul 2019,Niagara_Region,242,239.5,222.4,417700,440600,301100
Aug 2019,Niagara_Region,242.4,240.6,224.9,418400,442600,304500
Sep 2019,Niagara_Region,245.8,244.4,226.9,424300,449600,307200
Oct 2019,Niagara_Region,244.9,240.9,236.9,422700,443200,320700
Nov 2019,Niagara_Region,249.1,243.3,242.3,430000,447600,328000
Dec 2019,Niagara_Region,250.6,245,240.8,432600,450700,326000
Jan 2020,Niagara_Region,252,248.1,226.9,435000,456400,307200
Feb 2020,Niagara_Region,255.9,252.7,230.2,441700,464900,311700
Mar 2020,Niagara_Region,262.1,257.9,241,452400,474400,326300
Apr 2020,Niagara_Region,264.4,263,244.1,456400,483800,330500
May 2020,Niagara_Region,264.4,263.8,247.7,456400,485300,335300
Jan 2005,Oakville_Milton,100,100,100,379300,392500,223600
Feb 2005,Oakville_Milton,102,102.4,100.3,386900,401900,224300
Mar 2005,Oakville_Milton,104.3,105.1,100.6,395600,412500,224900
Apr 2005,Oakville_Milton,104.4,105,100.9,396000,412100,225600
May 2005,Oakville_Milton,104.6,105,101.3,396700,412100,226500
Jun 2005,Oakville_Milton,105.7,106.2,101.6,400900,416800,227200
Jul 2005,Oakville_Milton,104.5,104.6,101.6,396400,410600,227200
Aug 2005,Oakville_Milton,105.8,106.2,101.7,401300,416800,227400
Sep 2005,Oakville_Milton,105.9,106.2,101.7,401700,416800,227400
Oct 2005,Oakville_Milton,107.3,107.9,104.2,407000,423500,233000
Nov 2005,Oakville_Milton,106.6,106.8,106.7,404300,419200,238600
Dec 2005,Oakville_Milton,107.8,108.3,109.3,408900,425100,244400
Jan 2006,Oakville_Milton,108.4,109.1,106,411200,428200,237000
Feb 2006,Oakville_Milton,109.3,110.2,102.7,414600,432600,229600
Mar 2006,Oakville_Milton,111.1,112.4,99.5,421400,441200,222500
Apr 2006,Oakville_Milton,112.1,113.5,101.2,425200,445500,226300
May 2006,Oakville_Milton,112.2,113.4,102.8,425600,445100,229900
Jun 2006,Oakville_Milton,111.8,112.5,104.5,424100,441600,233700
Jul 2006,Oakville_Milton,111.7,112.2,105.4,423700,440400,235700
Aug 2006,Oakville_Milton,111.9,112.4,106.4,424400,441200,237900
Sep 2006,Oakville_Milton,113.3,114,107.3,429700,447500,239900
Oct 2006,Oakville_Milton,112.9,113.3,108.8,428200,444700,243300
Nov 2006,Oakville_Milton,112.2,112.2,110.2,425600,440400,246400
Dec 2006,Oakville_Milton,112.3,112.2,111.7,426000,440400,249800
Jan 2007,Oakville_Milton,113.6,113.8,110.2,430900,446700,246400
Feb 2007,Oakville_Milton,115.2,115.8,108.6,437000,454500,242800
Mar 2007,Oakville_Milton,115.9,116.4,107.1,439600,456900,239500
Apr 2007,Oakville_Milton,116.9,117.6,108.8,443400,461600,243300
May 2007,Oakville_Milton,118.1,119.1,110.5,448000,467500,247100
Jun 2007,Oakville_Milton,118.5,119.4,112.2,449500,468700,250900
Jul 2007,Oakville_Milton,118.9,119.5,112.7,451000,469100,252000
Aug 2007,Oakville_Milton,120,120.5,113.2,455200,473000,253100
Sep 2007,Oakville_Milton,119.6,119.5,113.7,453600,469100,254200
Oct 2007,Oakville_Milton,120,120,113.7,455200,471000,254200
Nov 2007,Oakville_Milton,121.1,121.5,113.7,459300,476900,254200
Dec 2007,Oakville_Milton,121.1,121.3,113.7,459300,476100,254200
Jan 2008,Oakville_Milton,122.8,123.4,115.5,465800,484400,258300
Feb 2008,Oakville_Milton,123.8,124.5,117.2,469600,488700,262100
Mar 2008,Oakville_Milton,123.2,123.5,119,467300,484800,266100
Apr 2008,Oakville_Milton,123.7,123.8,118.7,469200,485900,265400
May 2008,Oakville_Milton,124.1,124.2,118.4,470700,487500,264700
Jun 2008,Oakville_Milton,124.1,123.9,118.1,470700,486300,264100
Jul 2008,Oakville_Milton,122.9,122.7,118.4,466200,481600,264700
Aug 2008,Oakville_Milton,122.5,122.6,118.7,464600,481200,265400
Sep 2008,Oakville_Milton,121.5,121.6,119,460800,477300,266100
Oct 2008,Oakville_Milton,118.4,117.9,118.8,449100,462800,265600
Nov 2008,Oakville_Milton,119.8,120.5,118.6,454400,473000,265200
Dec 2008,Oakville_Milton,115.3,114.7,118.4,437300,450200,264700
Jan 2009,Oakville_Milton,115.9,115.8,116.7,439600,454500,260900
Feb 2009,Oakville_Milton,115.5,115.6,115.1,438100,453700,257400
Mar 2009,Oakville_Milton,115.3,115.6,113.5,437300,453700,253800
Apr 2009,Oakville_Milton,118,118.8,114.5,447600,466300,256000
May 2009,Oakville_Milton,121.2,122.6,115.5,459700,481200,258300
Jun 2009,Oakville_Milton,123.6,125.2,116.5,468800,491400,260500
Jul 2009,Oakville_Milton,124.2,125.5,116.3,471100,492600,260000
Aug 2009,Oakville_Milton,126.3,127.9,116.1,479100,502000,259600
Sep 2009,Oakville_Milton,128.4,130.2,115.9,487000,511100,259100
Oct 2009,Oakville_Milton,130.8,132.7,118,496100,520900,263800
Nov 2009,Oakville_Milton,132.5,134.4,120.2,502600,527500,268800
Dec 2009,Oakville_Milton,131.9,132.9,122.4,500300,521700,273700
Jan 2010,Oakville_Milton,135.1,136.9,124.1,512400,537400,277500
Feb 2010,Oakville_Milton,139.6,141.8,130,529500,556600,290700
Mar 2010,Oakville_Milton,138.8,140.7,127.5,526500,552300,285100
Apr 2010,Oakville_Milton,139.1,140.6,128.4,527600,551900,287100
May 2010,Oakville_Milton,139.3,140.8,127.9,528400,552700,286000
Jun 2010,Oakville_Milton,139.7,141.1,128.9,529900,553800,288200
Jul 2010,Oakville_Milton,136.6,137.5,128.7,518100,539700,287800
Aug 2010,Oakville_Milton,137.8,139.2,129,522700,546400,288400
Sep 2010,Oakville_Milton,138.3,140.8,127.7,524600,552700,285500
Oct 2010,Oakville_Milton,136.5,137.5,127.7,517700,539700,285500
Nov 2010,Oakville_Milton,136.8,138.3,127.3,518900,542800,284600
Dec 2010,Oakville_Milton,139.1,141.4,126.2,527600,555000,282200
Jan 2011,Oakville_Milton,140.2,142.3,129,531800,558500,288400
Feb 2011,Oakville_Milton,142.9,145.3,129.9,542000,570300,290500
Mar 2011,Oakville_Milton,144,146.3,128.8,546200,574200,288000
Apr 2011,Oakville_Milton,145.9,148.4,127.3,553400,582500,284600
May 2011,Oakville_Milton,147.1,149.1,130.4,558000,585200,291600
Jun 2011,Oakville_Milton,147.3,148.8,134.6,558700,584100,301000
Jul 2011,Oakville_Milton,148.8,150.1,138.4,564400,589200,309500
Aug 2011,Oakville_Milton,148.6,150.1,137.8,563600,589200,308100
Sep 2011,Oakville_Milton,152.3,155,139.4,577700,608400,311700
Oct 2011,Oakville_Milton,150.7,152.5,139.7,571600,598600,312400
Nov 2011,Oakville_Milton,148.7,149.7,137.9,564000,587600,308300
Dec 2011,Oakville_Milton,150,150.8,140.7,569000,591900,314600
Jan 2012,Oakville_Milton,153.2,155.4,135.5,581100,610000,303000
Feb 2012,Oakville_Milton,154.2,156,138.3,584900,612300,309200
Mar 2012,Oakville_Milton,155.3,156.6,139,589100,614700,310800
Apr 2012,Oakville_Milton,157.6,158.5,143.3,597800,622100,320400
May 2012,Oakville_Milton,157.9,158.7,144.7,598900,622900,323500
Jun 2012,Oakville_Milton,157.7,158.1,146.8,598200,620600,328200
Jul 2012,Oakville_Milton,160.3,161.6,147.1,608000,634300,328900
Aug 2012,Oakville_Milton,159.1,160,143.5,603500,628000,320900
Sep 2012,Oakville_Milton,159.8,160.6,147.3,606100,630400,329400
Oct 2012,Oakville_Milton,157.5,158,143.3,597400,620200,320400
Nov 2012,Oakville_Milton,158.5,160.2,142,601200,628800,317500
Dec 2012,Oakville_Milton,155.3,156.5,138,589100,614300,308600
Jan 2013,Oakville_Milton,158.9,160.8,138.4,602700,631200,309500
Feb 2013,Oakville_Milton,162.6,164.9,142.6,616700,647300,318800
Mar 2013,Oakville_Milton,163.9,165.3,150.1,621700,648800,335600
Apr 2013,Oakville_Milton,166.1,168.6,149.5,630000,661800,334300
May 2013,Oakville_Milton,165.2,167.1,148.1,626600,655900,331100
Jun 2013,Oakville_Milton,164.5,166.1,148.6,623900,652000,332300
Jul 2013,Oakville_Milton,166.5,168.6,152.1,631500,661800,340100
Aug 2013,Oakville_Milton,167.2,169.3,151.8,634200,664500,339400
Sep 2013,Oakville_Milton,166.3,168.1,147.6,630800,659800,330000
Oct 2013,Oakville_Milton,170.2,172.6,146.7,645600,677500,328000
Nov 2013,Oakville_Milton,170.8,173.2,152,647800,679800,339900
Dec 2013,Oakville_Milton,167.9,169.3,153.9,636800,664500,344100
Jan 2014,Oakville_Milton,171.9,175.1,150.9,652000,687300,337400
Feb 2014,Oakville_Milton,171.5,174.3,145.3,650500,684200,324900
Mar 2014,Oakville_Milton,173.6,176.2,144.4,658500,691600,322900
Apr 2014,Oakville_Milton,176.4,178.7,150.3,669100,701400,336100
May 2014,Oakville_Milton,179,181.2,152.9,678900,711200,341900
Jun 2014,Oakville_Milton,178.7,180.3,157.8,677800,707700,352800
Jul 2014,Oakville_Milton,179.2,181.4,158.4,679700,712000,354200
Aug 2014,Oakville_Milton,181.6,184.4,160.3,688800,723800,358400
Sep 2014,Oakville_Milton,179.7,182,162.7,681600,714400,363800
Oct 2014,Oakville_Milton,180.8,182.6,165.1,685800,716700,369200
Nov 2014,Oakville_Milton,181.2,181.9,175.9,687300,714000,393300
Dec 2014,Oakville_Milton,186.6,188.8,174.1,707800,741100,389300
Jan 2015,Oakville_Milton,184.2,185.8,173.7,698700,729300,388400
Feb 2015,Oakville_Milton,187.7,191.2,164.6,711900,750500,368000
Mar 2015,Oakville_Milton,187.4,190.2,163.6,710800,746600,365800
Apr 2015,Oakville_Milton,191,194.1,164.9,724500,761900,368700
May 2015,Oakville_Milton,192.1,194,169.8,728600,761500,379700
Jun 2015,Oakville_Milton,192.8,195.9,165,731300,768900,368900
Jul 2015,Oakville_Milton,195.5,198.5,167.8,741500,779100,375200
Aug 2015,Oakville_Milton,195.9,199,172.5,743000,781100,385700
Sep 2015,Oakville_Milton,196.1,197.6,177.2,743800,775600,396200
Oct 2015,Oakville_Milton,195.7,197,174.3,742300,773300,389700
Nov 2015,Oakville_Milton,200.7,203.8,170.1,761300,799900,380300
Dec 2015,Oakville_Milton,196.2,198,165.8,744200,777200,370700
Jan 2016,Oakville_Milton,204.7,209.8,166.6,776400,823500,372500
Feb 2016,Oakville_Milton,208.6,212.8,173.6,791200,835300,388200
Mar 2016,Oakville_Milton,212.2,216.9,173.6,804900,851400,388200
Apr 2016,Oakville_Milton,218.1,222,183.8,827300,871400,411000
May 2016,Oakville_Milton,224.6,229.7,186,851900,901600,415900
Jun 2016,Oakville_Milton,229,233.8,192.1,868600,917700,429500
Jul 2016,Oakville_Milton,230.3,234.1,195.3,873500,918900,436700
Aug 2016,Oakville_Milton,232.8,237.4,196.4,883000,931800,439100
Sep 2016,Oakville_Milton,237.9,242.5,198.6,902400,951800,444100
Oct 2016,Oakville_Milton,238.9,242.9,199,906100,953400,445000
Nov 2016,Oakville_Milton,243.8,247,206.7,924700,969500,462200
Dec 2016,Oakville_Milton,245.1,247.9,207,929700,973000,462800
Jan 2017,Oakville_Milton,259.3,267.7,210.8,983500,1050800,471300
Feb 2017,Oakville_Milton,277.6,288.2,212.8,1052900,1131200,475800
Mar 2017,Oakville_Milton,289.9,299.3,221,1099600,1174800,494100
Apr 2017,Oakville_Milton,284.9,289.4,230.1,1080600,1135900,514500
May 2017,Oakville_Milton,275.9,275.6,235.1,1046500,1081800,525700
Jun 2017,Oakville_Milton,266.4,265.7,235.8,1010500,1042900,527200
Jul 2017,Oakville_Milton,257.7,258.1,235.6,977500,1013100,526800
Aug 2017,Oakville_Milton,256.7,259.2,232.4,973700,1017400,519600
Sep 2017,Oakville_Milton,255.6,259.1,225.8,969500,1017000,504900
Oct 2017,Oakville_Milton,252.7,255.8,220.8,958500,1004100,493700
Nov 2017,Oakville_Milton,253.2,256.8,218.7,960400,1008000,489000
Dec 2017,Oakville_Milton,250.2,251.9,219.1,949000,988700,489900
Jan 2018,Oakville_Milton,253.1,255.8,223.8,960000,1004100,500400
Feb 2018,Oakville_Milton,259.2,262.7,228.1,983100,1031100,510000
Mar 2018,Oakville_Milton,259.9,263.4,226.4,985800,1033900,506200
Apr 2018,Oakville_Milton,260.3,263.3,227.7,987300,1033500,509100
May 2018,Oakville_Milton,258.5,260.9,231.6,980500,1024100,517800
Jun 2018,Oakville_Milton,259.4,262.8,234.5,983900,1031500,524300
Jul 2018,Oakville_Milton,256.9,258.5,238.4,974400,1014600,533100
Aug 2018,Oakville_Milton,259.6,261.7,239.4,984700,1027200,535300
Sep 2018,Oakville_Milton,259.3,260.5,240.9,983500,1022500,538600
Oct 2018,Oakville_Milton,258.1,258.7,239,979000,1015400,534400
Nov 2018,Oakville_Milton,257.7,258.5,234.3,977500,1014600,523900
Dec 2018,Oakville_Milton,259.7,262.2,236.1,985000,1029200,527900
Jan 2019,Oakville_Milton,260.3,262.4,242.8,987300,1030000,542900
Feb 2019,Oakville_Milton,261.1,264.2,240,990400,1037000,536600
Mar 2019,Oakville_Milton,262.8,265.7,238.2,996800,1042900,532600
Apr 2019,Oakville_Milton,265.8,270.1,239.4,1008200,1060200,535300
May 2019,Oakville_Milton,267.3,271.3,242.6,1013900,1064900,542400
Jun 2019,Oakville_Milton,267.1,270.4,242.7,1013100,1061400,542700
Jul 2019,Oakville_Milton,269.8,274.2,243.8,1023400,1076300,545100
Aug 2019,Oakville_Milton,269,270.4,248.2,1020300,1061400,555000
Sep 2019,Oakville_Milton,269.6,271.8,248.6,1022600,1066900,555900
Oct 2019,Oakville_Milton,270.6,273.2,246.5,1026400,1072300,551200
Nov 2019,Oakville_Milton,271,274,245.1,1027900,1075500,548000
Dec 2019,Oakville_Milton,271.6,274.6,243.1,1030200,1077800,543600
Jan 2020,Oakville_Milton,276.4,280.4,247.6,1048400,1100600,553600
Feb 2020,Oakville_Milton,284.2,289.9,248.4,1078000,1137900,555400
Mar 2020,Oakville_Milton,293.5,300,253.1,1113200,1177500,565900
Apr 2020,Oakville_Milton,289.2,292.8,257.1,1096900,1149300,574900
May 2020,Oakville_Milton,290,292.5,266.8,1100000,1148100,596600
,,,,,,,
,,,,,,,
,,,,,,,
,,,,,,,
,,,,,,,
,,,,,,,
,,,,,,,
,,,,,,,
,,,,,,,
,,,,,,,
,,,,,,,
,,,,,,,
,,,,,,,
,,,,,,,
